restaurant_id,restaurant_name,cuisine,district,price_level,partner_since,avg_prep_min,open_sunday
5001,เบอร์เกอร์0001,ฟาสต์ฟู้ด,บางนา,2,2024-02-15,17.2,True
5002,ครัว0002,ตามสั่ง,สาทร,2,2022-09-10,14.0,False
5003,ครัว0003,ตามสั่ง,ห้วยขวาง,2,2024-04-14,7.0,True
5004,ซากุระ0004,ญี่ปุ่น,ลาดพร้าว,1,2022-08-20,8.8,True
5005,ครัว0005,ตามสั่ง,สาทร,2,2024-04-17,11.3,False
5006,ร้านพี่0006,กะเพรา,บางรัก,1,2023-06-23,10.2,True
5007,ส้มตำ0007,อีสาน,จตุจักร,3,2023-04-02,14.1,True
5008,ครัว0008,ตามสั่ง,สาทร,2,2022-05-06,7.0,False
5009,ครัว0009,ตามสั่ง,ลาดพร้าว,2,2023-08-09,5.3,True
5010,ย่างเนย0010,ปิ้งย่าง,ลาดพร้าว,2,2023-04-26,9.3,True
5011,ชาไทย0011,ชานม และขนม,สาทร,2,2022-05-02,8.2,False
5012,ร้านพี่0012,กะเพรา,บางนา,3,2023-08-21,9.4,True
5013,ร้านพี่0013,กะเพรา,ห้วยขวาง,2,2022-12-12,8.1,True
5014,เจ๊0014,ก๋วยเตี๋ยว,บางนา,1,2023-05-31,11.7,True
5015,ซากุระ0015,ญี่ปุ่น,บางรัก,2,2023-09-20,8.6,False
5016,โซล0016,เกาหลี,ลาดพร้าว,2,2022-10-26,8.0,True
5017,โซล0017,เกาหลี,ลาดพร้าว,2,2024-03-08,6.8,True
5018,เบอร์เกอร์0018,ฟาสต์ฟู้ด,พญาไท,2,2023-03-15,9.3,False
5019,ครัว0019,ตามสั่ง,บางรัก,1,2023-10-30,9.7,False
5020,เจ๊0020,ก๋วยเตี๋ยว,พญาไท,2,2023-02-14,13.2,False
5021,คาเฟ่0021,กาแฟ,บางรัก,1,2022-09-04,11.5,False
5022,ส้มตำ0022,อีสาน,วัฒนา,1,2024-04-07,6.0,True
5023,ส้มตำ0023,อีสาน,บางนา,1,2024-02-26,15.7,True
5024,เบอร์เกอร์0024,ฟาสต์ฟู้ด,สาทร,2,2024-06-21,7.0,False
5025,ซากุระ0025,ญี่ปุ่น,บางนา,2,2023-07-27,7.9,True
5026,ครัว0026,ตามสั่ง,บางกะปิ,1,2023-10-12,10.1,True
5027,เจ๊0027,ก๋วยเตี๋ยว,พญาไท,2,2022-06-17,14.6,False
5028,โซล0028,เกาหลี,สวนหลวง,1,2023-11-13,6.9,True
5029,ครัว0029,ตามสั่ง,ลาดพร้าว,1,2022-04-07,6.6,True
5030,ชาบู0030,สุกี้ และชาบู,คลองเตย,2,2024-04-23,5.6,False
5031,เบอร์เกอร์0031,ฟาสต์ฟู้ด,ดินแดง,2,2023-02-20,9.7,True
5032,ย่างเนย0032,ปิ้งย่าง,บางนา,2,2023-07-20,12.5,True
5033,ส้มตำ0033,อีสาน,สวนหลวง,1,2022-03-10,15.7,True
5034,ซากุระ0034,ญี่ปุ่น,พญาไท,1,2024-03-17,7.8,True
5035,ร้านพี่0035,กะเพรา,สาทร,1,2023-11-30,8.9,False
5036,ครัว0036,ตามสั่ง,ห้วยขวาง,2,2023-03-09,7.0,True
5037,ครัว0037,ตามสั่ง,บางรัก,1,2022-06-24,6.8,False
5038,ซากุระ0038,ญี่ปุ่น,บางกะปิ,3,2023-12-12,11.9,True
5039,ส้มตำ0039,อีสาน,บางกะปิ,3,2022-09-29,10.0,True
5040,คาเฟ่0040,กาแฟ,ลาดพร้าว,1,2023-03-25,7.9,False
5041,ร้านพี่0041,กะเพรา,ดินแดง,1,2022-03-12,14.5,True
5042,ร้านพี่0042,กะเพรา,ลาดพร้าว,1,2022-03-02,10.2,True
5043,ครัว0043,ตามสั่ง,จตุจักร,2,2024-03-07,16.3,True
5044,โซล0044,เกาหลี,ห้วยขวาง,3,2023-11-06,8.8,True
5045,ชาไทย0045,ชานม และขนม,บางรัก,1,2023-11-19,14.5,False
5046,ร้านพี่0046,กะเพรา,บางนา,3,2023-12-14,6.2,True
5047,ร้านพี่0047,กะเพรา,บางกะปิ,2,2023-10-11,10.0,True
5048,ร้านพี่0048,กะเพรา,พญาไท,3,2023-10-09,6.2,True
5049,เจดี0049,อาหารเจ,บางรัก,3,2022-08-27,7.5,False
5050,ซากุระ0050,ญี่ปุ่น,ห้วยขวาง,2,2022-10-07,8.0,True
5051,ชาไทย0051,ชานม และขนม,บางนา,2,2024-04-01,6.8,True
5052,ชาไทย0052,ชานม และขนม,ดินแดง,1,2024-01-26,7.6,True
5053,ชาบู0053,สุกี้ และชาบู,วัฒนา,1,2023-12-23,16.6,True
5054,ครัว0054,ตามสั่ง,สาทร,1,2023-04-27,8.3,False
5055,ชาไทย0055,ชานม และขนม,บางนา,1,2023-07-10,10.4,True
5056,ครัว0056,ตามสั่ง,จตุจักร,1,2022-04-04,12.5,True
5057,ซากุระ0057,ญี่ปุ่น,ลาดพร้าว,1,2023-10-18,5.2,True
5058,เจ๊0058,ก๋วยเตี๋ยว,จตุจักร,2,2023-01-28,9.5,True
5059,โซล0059,เกาหลี,สาทร,3,2022-06-09,6.6,True
5060,ชาบู0060,สุกี้ และชาบู,ลาดพร้าว,1,2023-03-12,12.9,True
5061,ครัว0061,ตามสั่ง,คลองเตย,2,2022-06-10,11.2,True
5062,ครัว0062,ตามสั่ง,สวนหลวง,1,2023-07-30,8.2,True
5063,เจ๊0063,ก๋วยเตี๋ยว,บางนา,1,2024-04-27,8.1,True
5064,ครัว0064,ตามสั่ง,พญาไท,3,2023-10-05,13.3,True
5065,โซล0065,เกาหลี,บางกะปิ,1,2023-08-21,12.7,True
5066,ย่างเนย0066,ปิ้งย่าง,สาทร,2,2022-02-20,7.2,True
5067,ครัว0067,ตามสั่ง,สาทร,1,2023-12-03,13.0,False
5068,ครัว0068,ตามสั่ง,ดินแดง,3,2023-01-11,10.6,True
5069,คาเฟ่0069,กาแฟ,บางนา,1,2024-01-06,11.2,True
5070,โซล0070,เกาหลี,วัฒนา,1,2023-12-07,15.2,True
5071,เบอร์เกอร์0071,ฟาสต์ฟู้ด,สาทร,1,2022-05-11,6.0,True
5072,ครัว0072,ตามสั่ง,ห้วยขวาง,1,2022-07-18,12.2,True
5073,ส้มตำ0073,อีสาน,วัฒนา,1,2023-06-22,9.5,True
5074,คาเฟ่0074,กาแฟ,จตุจักร,1,2023-10-13,8.4,True
5075,เบอร์เกอร์0075,ฟาสต์ฟู้ด,คลองเตย,1,2022-09-14,6.2,False
5076,ชาไทย0076,ชานม และขนม,บางรัก,2,2022-03-29,9.2,True
5077,ร้านพี่0077,กะเพรา,ห้วยขวาง,1,2023-03-22,12.8,True
5078,ซากุระ0078,ญี่ปุ่น,พญาไท,2,2024-04-25,9.5,False
5079,เจ๊0079,ก๋วยเตี๋ยว,บางนา,2,2024-02-03,15.2,True
5080,ซากุระ0080,ญี่ปุ่น,วัฒนา,3,2024-03-15,12.6,True
5081,ครัว0081,ตามสั่ง,ลาดพร้าว,1,2024-01-26,12.6,True
5082,ส้มตำ0082,อีสาน,บางกะปิ,1,2023-01-31,7.0,True
5083,เจ๊0083,ก๋วยเตี๋ยว,ลาดพร้าว,1,2024-05-11,8.7,True
5084,ร้านพี่0084,กะเพรา,วัฒนา,1,2023-07-03,10.6,True
5085,ชาบู0085,สุกี้ และชาบู,ลาดพร้าว,1,2022-02-20,14.4,True
5086,ชาบู0086,สุกี้ และชาบู,บางกะปิ,1,2022-12-02,11.2,True
5087,ส้มตำ0087,อีสาน,สาทร,1,2024-02-21,10.8,True
5088,เบอร์เกอร์0088,ฟาสต์ฟู้ด,คลองเตย,3,2022-10-05,4.3,False
5089,ส้มตำ0089,อีสาน,พญาไท,1,2023-01-07,12.6,True
5090,เจดี0090,อาหารเจ,ห้วยขวาง,1,2023-06-29,8.6,False
5091,เจดี0091,อาหารเจ,บางกะปิ,1,2023-04-15,8.2,False
5092,ชาไทย0092,ชานม และขนม,วัฒนา,3,2024-05-11,6.6,True
5093,เจดี0093,อาหารเจ,บางนา,1,2023-07-13,10.6,True
5094,คาเฟ่0094,กาแฟ,ห้วยขวาง,2,2023-08-25,5.7,True
5095,ซากุระ0095,ญี่ปุ่น,ห้วยขวาง,3,2023-11-03,12.8,True
5096,ซากุระ0096,ญี่ปุ่น,บางรัก,3,2024-04-15,8.1,True
5097,ชาไทย0097,ชานม และขนม,จตุจักร,3,2022-02-27,13.9,True
5098,เบอร์เกอร์0098,ฟาสต์ฟู้ด,พญาไท,1,2022-08-29,11.1,False
5099,ครัว0099,ตามสั่ง,สาทร,2,2024-05-01,8.2,False
5100,โซล0100,เกาหลี,วัฒนา,1,2022-11-27,5.7,False
5101,ชาไทย0101,ชานม และขนม,บางนา,1,2024-02-17,9.7,True
5102,ร้านพี่0102,กะเพรา,บางรัก,1,2022-07-30,9.4,False
5103,โซล0103,เกาหลี,บางกะปิ,2,2022-12-14,8.1,True
5104,ซากุระ0104,ญี่ปุ่น,ห้วยขวาง,3,2023-05-29,8.9,True
5105,ครัว0105,ตามสั่ง,สวนหลวง,1,2022-08-05,11.4,True
5106,ร้านพี่0106,กะเพรา,บางนา,2,2023-09-09,8.6,True
5107,ส้มตำ0107,อีสาน,ห้วยขวาง,3,2024-03-20,7.5,True
5108,ย่างเนย0108,ปิ้งย่าง,บางนา,1,2023-01-25,12.0,True
5109,ซากุระ0109,ญี่ปุ่น,สาทร,3,2024-02-29,12.4,False
5110,เจดี0110,อาหารเจ,ห้วยขวาง,2,2022-10-11,13.8,True
5111,ร้านพี่0111,กะเพรา,วัฒนา,1,2023-10-08,8.3,True
5112,ร้านพี่0112,กะเพรา,พญาไท,1,2023-11-17,18.1,False
5113,ครัว0113,ตามสั่ง,บางนา,3,2023-02-08,12.4,True
5114,เจดี0114,อาหารเจ,วัฒนา,2,2022-08-25,9.3,True
5115,ร้านพี่0115,กะเพรา,ดินแดง,2,2022-11-14,15.3,True
5116,ซากุระ0116,ญี่ปุ่น,ดินแดง,1,2022-05-23,8.5,True
5117,ครัว0117,ตามสั่ง,ห้วยขวาง,1,2022-06-26,10.3,True
5118,ครัว0118,ตามสั่ง,ห้วยขวาง,1,2022-06-29,7.7,True
5119,คาเฟ่0119,กาแฟ,จตุจักร,2,2024-01-23,15.9,False
5120,โซล0120,เกาหลี,ดินแดง,1,2023-06-01,15.6,True
5121,คาเฟ่0121,กาแฟ,ห้วยขวาง,2,2024-02-06,14.4,True
5122,ซากุระ0122,ญี่ปุ่น,วัฒนา,3,2022-12-17,6.6,True
5123,ส้มตำ0123,อีสาน,ห้วยขวาง,1,2022-04-24,15.1,True
5124,ย่างเนย0124,ปิ้งย่าง,ลาดพร้าว,2,2024-02-28,10.8,True
5125,ร้านพี่0125,กะเพรา,ลาดพร้าว,2,2024-03-06,12.5,True
5126,ครัว0126,ตามสั่ง,วัฒนา,3,2023-01-01,9.1,True
5127,โซล0127,เกาหลี,บางนา,2,2023-01-25,9.1,False
5128,โซล0128,เกาหลี,ห้วยขวาง,2,2022-06-12,13.3,True
5129,ครัว0129,ตามสั่ง,บางรัก,1,2023-10-06,5.9,False
5130,ย่างเนย0130,ปิ้งย่าง,สวนหลวง,2,2022-08-17,4.5,True
5131,ซากุระ0131,ญี่ปุ่น,จตุจักร,2,2023-04-03,12.3,True
5132,ชาบู0132,สุกี้ และชาบู,สวนหลวง,1,2023-09-28,13.1,True
5133,เจ๊0133,ก๋วยเตี๋ยว,จตุจักร,1,2022-08-18,7.4,True
5134,ร้านพี่0134,กะเพรา,บางนา,1,2022-09-01,13.4,True
5135,ส้มตำ0135,อีสาน,ดินแดง,2,2024-04-15,15.0,True
5136,เบอร์เกอร์0136,ฟาสต์ฟู้ด,บางกะปิ,2,2024-03-23,10.3,True
5137,ชาบู0137,สุกี้ และชาบู,ลาดพร้าว,2,2022-02-21,12.3,True
5138,เบอร์เกอร์0138,ฟาสต์ฟู้ด,บางกะปิ,2,2023-09-08,11.8,True
5139,ชาไทย0139,ชานม และขนม,คลองเตย,2,2023-06-13,18.2,True
5140,ครัว0140,ตามสั่ง,ลาดพร้าว,3,2023-09-17,9.3,True
5141,ร้านพี่0141,กะเพรา,บางนา,2,2022-03-16,7.3,True
5142,ชาไทย0142,ชานม และขนม,บางกะปิ,1,2022-05-20,10.8,True
5143,คาเฟ่0143,กาแฟ,บางกะปิ,2,2024-01-19,8.3,True
5144,ชาไทย0144,ชานม และขนม,ลาดพร้าว,1,2024-05-23,7.8,True
5145,ส้มตำ0145,อีสาน,คลองเตย,3,2022-08-05,7.7,False
5146,ส้มตำ0146,อีสาน,วัฒนา,1,2023-05-30,8.3,True
5147,ร้านพี่0147,กะเพรา,บางนา,2,2022-10-11,6.5,True
5148,เบอร์เกอร์0148,ฟาสต์ฟู้ด,ห้วยขวาง,2,2022-08-28,11.3,True
5149,ครัว0149,ตามสั่ง,บางนา,2,2024-06-15,10.3,True
5150,ซากุระ0150,ญี่ปุ่น,สาทร,1,2023-06-27,7.5,False
5151,ชาไทย0151,ชานม และขนม,บางนา,1,2022-02-21,11.6,True
5152,ชาบู0152,สุกี้ และชาบู,คลองเตย,3,2022-11-18,9.7,True
5153,ชาไทย0153,ชานม และขนม,คลองเตย,2,2022-03-19,7.6,True
5154,ร้านพี่0154,กะเพรา,สาทร,1,2024-05-06,17.0,True
5155,ย่างเนย0155,ปิ้งย่าง,วัฒนา,1,2022-10-11,6.7,True
5156,ครัว0156,ตามสั่ง,ลาดพร้าว,1,2023-07-26,10.3,True
5157,ครัว0157,ตามสั่ง,บางนา,2,2024-03-04,5.5,True
5158,ชาไทย0158,ชานม และขนม,คลองเตย,1,2023-10-10,9.4,False
5159,ชาไทย0159,ชานม และขนม,ห้วยขวาง,1,2022-12-26,5.9,True
5160,ครัว0160,ตามสั่ง,จตุจักร,1,2023-09-04,8.6,True
5161,ซากุระ0161,ญี่ปุ่น,คลองเตย,1,2023-11-11,7.0,False
5162,ซากุระ0162,ญี่ปุ่น,บางนา,1,2024-03-30,13.2,True
5163,เบอร์เกอร์0163,ฟาสต์ฟู้ด,บางนา,2,2022-12-30,12.0,True
5164,ครัว0164,ตามสั่ง,ลาดพร้าว,1,2022-02-15,12.2,True
5165,ซากุระ0165,ญี่ปุ่น,ห้วยขวาง,2,2023-09-17,8.2,True
5166,ซากุระ0166,ญี่ปุ่น,พญาไท,3,2022-12-03,8.7,True
5167,ส้มตำ0167,อีสาน,บางกะปิ,1,2022-05-26,9.2,True
5168,ชาบู0168,สุกี้ และชาบู,ห้วยขวาง,1,2024-02-19,8.6,True
5169,ร้านพี่0169,กะเพรา,ห้วยขวาง,3,2022-10-13,8.4,True
5170,ร้านพี่0170,กะเพรา,วัฒนา,1,2023-06-28,5.2,True
5171,ร้านพี่0171,กะเพรา,บางนา,2,2024-02-12,9.0,True
5172,ชาไทย0172,ชานม และขนม,ห้วยขวาง,1,2022-10-28,8.0,True
5173,ร้านพี่0173,กะเพรา,บางรัก,3,2023-12-15,7.2,True
5174,ย่างเนย0174,ปิ้งย่าง,พญาไท,2,2023-12-04,9.0,False
5175,ชาไทย0175,ชานม และขนม,ลาดพร้าว,2,2023-09-03,10.5,True
5176,ครัว0176,ตามสั่ง,คลองเตย,1,2024-02-05,9.0,True
5177,ครัว0177,ตามสั่ง,บางกะปิ,2,2023-08-28,5.8,True
5178,ชาไทย0178,ชานม และขนม,คลองเตย,1,2023-07-23,11.5,False
5179,ชาไทย0179,ชานม และขนม,วัฒนา,2,2023-12-31,14.8,True
5180,เบอร์เกอร์0180,ฟาสต์ฟู้ด,ลาดพร้าว,3,2022-12-09,9.6,True
5181,ชาไทย0181,ชานม และขนม,ลาดพร้าว,1,2022-03-31,8.3,True
5182,ส้มตำ0182,อีสาน,ห้วยขวาง,1,2022-11-30,11.2,True
5183,โซล0183,เกาหลี,คลองเตย,2,2023-04-28,5.1,False
5184,ซากุระ0184,ญี่ปุ่น,บางนา,3,2023-08-02,11.5,True
5185,ร้านพี่0185,กะเพรา,วัฒนา,1,2022-08-15,5.8,True
5186,ชาไทย0186,ชานม และขนม,บางนา,2,2022-08-19,12.8,True
5187,ชาไทย0187,ชานม และขนม,ห้วยขวาง,1,2023-03-25,4.6,True
5188,ครัว0188,ตามสั่ง,สาทร,2,2023-02-20,10.4,False
5189,ซากุระ0189,ญี่ปุ่น,สวนหลวง,1,2023-07-13,9.0,True
5190,ร้านพี่0190,กะเพรา,บางนา,1,2022-02-16,13.2,True
5191,ชาบู0191,สุกี้ และชาบู,สวนหลวง,2,2024-02-21,9.4,True
5192,ครัว0192,ตามสั่ง,พญาไท,1,2022-06-23,6.8,False
5193,เจดี0193,อาหารเจ,สาทร,2,2022-06-27,8.0,True
5194,ส้มตำ0194,อีสาน,สาทร,2,2022-06-10,5.9,False
5195,เบอร์เกอร์0195,ฟาสต์ฟู้ด,ห้วยขวาง,2,2023-09-16,9.6,True
5196,ส้มตำ0196,อีสาน,ลาดพร้าว,2,2023-07-28,7.7,True
5197,โซล0197,เกาหลี,ลาดพร้าว,2,2024-05-26,10.7,True
5198,เจดี0198,อาหารเจ,คลองเตย,1,2023-09-14,14.2,False
5199,ครัว0199,ตามสั่ง,บางรัก,2,2024-01-21,12.8,True
5200,ครัว0200,ตามสั่ง,ห้วยขวาง,2,2022-09-18,9.2,True
5201,ครัว0201,ตามสั่ง,บางกะปิ,2,2022-12-21,9.0,True
5202,ร้านพี่0202,กะเพรา,จตุจักร,1,2023-04-11,13.2,False
5203,ส้มตำ0203,อีสาน,จตุจักร,2,2023-01-04,15.4,True
5204,ครัว0204,ตามสั่ง,บางกะปิ,1,2022-08-25,9.2,True
5205,เจดี0205,อาหารเจ,บางนา,1,2023-12-22,9.0,True
5206,ครัว0206,ตามสั่ง,วัฒนา,3,2024-04-10,18.8,True
5207,ชาไทย0207,ชานม และขนม,สวนหลวง,3,2023-09-11,15.1,True
5208,ซากุระ0208,ญี่ปุ่น,ห้วยขวาง,1,2024-05-10,12.0,False
5209,ซากุระ0209,ญี่ปุ่น,วัฒนา,1,2023-07-19,9.1,True
5210,เจดี0210,อาหารเจ,คลองเตย,1,2023-08-08,8.6,False
5211,ส้มตำ0211,อีสาน,ห้วยขวาง,2,2024-01-10,12.4,True
5212,เบอร์เกอร์0212,ฟาสต์ฟู้ด,สวนหลวง,3,2022-07-07,10.3,True
5213,ย่างเนย0213,ปิ้งย่าง,จตุจักร,2,2022-02-26,9.5,True
5214,ซากุระ0214,ญี่ปุ่น,คลองเตย,3,2024-03-05,17.9,False
5215,ซากุระ0215,ญี่ปุ่น,คลองเตย,1,2022-06-02,8.5,False
5216,เบอร์เกอร์0216,ฟาสต์ฟู้ด,บางนา,2,2023-06-16,10.8,True
5217,ร้านพี่0217,กะเพรา,พญาไท,3,2022-08-11,8.9,False
5218,ครัว0218,ตามสั่ง,วัฒนา,1,2024-06-10,8.0,True
5219,ชาไทย0219,ชานม และขนม,สวนหลวง,1,2022-08-28,11.4,True
5220,เจดี0220,อาหารเจ,จตุจักร,1,2024-03-27,9.4,True
5221,ร้านพี่0221,กะเพรา,จตุจักร,2,2022-10-22,12.0,False
5222,ครัว0222,ตามสั่ง,ลาดพร้าว,2,2022-07-11,19.1,True
5223,ส้มตำ0223,อีสาน,วัฒนา,1,2023-05-25,7.1,True
5224,ส้มตำ0224,อีสาน,บางกะปิ,1,2023-11-01,6.9,True
5225,ครัว0225,ตามสั่ง,ห้วยขวาง,3,2023-02-19,6.9,True
5226,เจ๊0226,ก๋วยเตี๋ยว,บางนา,1,2022-09-25,12.2,True
5227,ร้านพี่0227,กะเพรา,ดินแดง,1,2023-09-23,10.1,True
5228,ซากุระ0228,ญี่ปุ่น,วัฒนา,2,2023-09-18,13.2,True
5229,ชาไทย0229,ชานม และขนม,สวนหลวง,2,2022-08-17,11.0,True
5230,ชาไทย0230,ชานม และขนม,บางรัก,1,2024-06-14,5.6,False
5231,ซากุระ0231,ญี่ปุ่น,ลาดพร้าว,1,2022-11-24,9.3,True
5232,ชาไทย0232,ชานม และขนม,จตุจักร,2,2023-06-25,5.1,True
5233,ร้านพี่0233,กะเพรา,พญาไท,2,2022-10-05,9.0,False
5234,ซากุระ0234,ญี่ปุ่น,ลาดพร้าว,1,2023-03-15,8.9,True
5235,ครัว0235,ตามสั่ง,บางรัก,2,2023-05-19,12.3,False
5236,ซากุระ0236,ญี่ปุ่น,ห้วยขวาง,2,2023-09-30,6.9,True
5237,ครัว0237,ตามสั่ง,บางรัก,1,2022-05-16,13.0,False
5238,ซากุระ0238,ญี่ปุ่น,บางกะปิ,3,2023-10-07,7.5,True
5239,เจ๊0239,ก๋วยเตี๋ยว,บางนา,2,2023-02-26,10.0,True
5240,โซล0240,เกาหลี,ดินแดง,1,2022-06-23,11.0,True
5241,ซากุระ0241,ญี่ปุ่น,พญาไท,1,2023-05-07,7.6,False
5242,คาเฟ่0242,กาแฟ,บางนา,2,2023-10-04,10.9,True
5243,ครัว0243,ตามสั่ง,สาทร,1,2024-06-06,8.3,False
5244,เจ๊0244,ก๋วยเตี๋ยว,บางรัก,2,2023-02-18,7.5,False
5245,เบอร์เกอร์0245,ฟาสต์ฟู้ด,บางนา,2,2023-11-27,18.7,True
5246,ครัว0246,ตามสั่ง,ลาดพร้าว,1,2023-10-15,14.3,True
5247,โซล0247,เกาหลี,สาทร,1,2024-05-16,16.7,True
5248,ครัว0248,ตามสั่ง,ดินแดง,3,2024-02-11,6.9,True
5249,ครัว0249,ตามสั่ง,ห้วยขวาง,2,2023-01-03,5.5,True
5250,เจ๊0250,ก๋วยเตี๋ยว,สวนหลวง,1,2022-05-18,10.4,True
5251,ครัว0251,ตามสั่ง,บางนา,2,2024-01-29,7.2,True
5252,ร้านพี่0252,กะเพรา,ดินแดง,1,2022-03-13,10.6,False
5253,ครัว0253,ตามสั่ง,พญาไท,1,2024-04-14,15.9,False
5254,ส้มตำ0254,อีสาน,บางรัก,2,2024-01-13,6.9,False
5255,ชาบู0255,สุกี้ และชาบู,ดินแดง,2,2022-12-01,12.1,True
5256,ซากุระ0256,ญี่ปุ่น,วัฒนา,2,2024-04-23,11.9,True
5257,ครัว0257,ตามสั่ง,บางนา,1,2022-07-13,13.7,True
5258,ซากุระ0258,ญี่ปุ่น,ห้วยขวาง,1,2022-07-06,8.9,True
5259,ซากุระ0259,ญี่ปุ่น,จตุจักร,2,2024-04-14,8.8,True
5260,ซากุระ0260,ญี่ปุ่น,ลาดพร้าว,2,2022-09-12,11.1,True
5261,ร้านพี่0261,กะเพรา,บางกะปิ,1,2023-10-19,9.9,True
5262,ซากุระ0262,ญี่ปุ่น,คลองเตย,1,2024-02-20,6.8,False
5263,ครัว0263,ตามสั่ง,ลาดพร้าว,2,2022-07-06,8.9,True
5264,ซากุระ0264,ญี่ปุ่น,ห้วยขวาง,2,2022-03-24,17.5,True
5265,ย่างเนย0265,ปิ้งย่าง,บางกะปิ,2,2024-04-03,5.7,True
5266,ครัว0266,ตามสั่ง,จตุจักร,1,2022-10-17,4.9,True
5267,ครัว0267,ตามสั่ง,สาทร,2,2022-10-27,5.3,False
5268,เบอร์เกอร์0268,ฟาสต์ฟู้ด,จตุจักร,1,2022-07-03,17.6,True
5269,ซากุระ0269,ญี่ปุ่น,พญาไท,2,2023-01-10,8.0,False
5270,เบอร์เกอร์0270,ฟาสต์ฟู้ด,สาทร,2,2023-07-12,15.5,True
5271,ซากุระ0271,ญี่ปุ่น,สวนหลวง,2,2023-05-03,6.0,True
5272,ร้านพี่0272,กะเพรา,บางนา,3,2023-10-05,10.7,True
5273,โซล0273,เกาหลี,ดินแดง,1,2023-10-13,15.6,True
5274,ครัว0274,ตามสั่ง,คลองเตย,2,2023-07-27,14.0,False
5275,ครัว0275,ตามสั่ง,บางนา,2,2023-12-14,5.1,True
5276,ซากุระ0276,ญี่ปุ่น,ดินแดง,1,2023-01-02,9.9,True
5277,คาเฟ่0277,กาแฟ,วัฒนา,2,2024-05-17,6.9,True
5278,ซากุระ0278,ญี่ปุ่น,ลาดพร้าว,1,2023-04-01,10.6,True
5279,ครัว0279,ตามสั่ง,บางนา,3,2023-01-30,8.3,True
5280,ส้มตำ0280,อีสาน,ห้วยขวาง,1,2022-04-03,6.7,True
5281,ครัว0281,ตามสั่ง,บางรัก,3,2022-04-29,10.0,True
5282,เบอร์เกอร์0282,ฟาสต์ฟู้ด,ดินแดง,1,2023-12-06,8.0,True
5283,ร้านพี่0283,กะเพรา,บางนา,1,2024-04-06,6.5,True
5284,ชาไทย0284,ชานม และขนม,วัฒนา,1,2023-04-07,6.6,False
5285,ครัว0285,ตามสั่ง,วัฒนา,1,2023-09-12,8.4,True
5286,ครัว0286,ตามสั่ง,บางรัก,2,2023-07-17,6.5,False
5287,ครัว0287,ตามสั่ง,บางกะปิ,1,2022-09-30,9.3,True
5288,ร้านพี่0288,กะเพรา,บางนา,2,2023-03-16,8.7,True
5289,ซากุระ0289,ญี่ปุ่น,คลองเตย,3,2023-10-28,12.5,False
5290,เจ๊0290,ก๋วยเตี๋ยว,จตุจักร,2,2023-01-15,8.5,True
5291,ร้านพี่0291,กะเพรา,จตุจักร,2,2022-09-29,5.3,True
5292,ย่างเนย0292,ปิ้งย่าง,คลองเตย,2,2024-03-11,6.5,False
5293,ซากุระ0293,ญี่ปุ่น,จตุจักร,2,2023-12-23,8.3,True
5294,ครัว0294,ตามสั่ง,สวนหลวง,1,2024-03-31,13.3,False
5295,เจดี0295,อาหารเจ,บางกะปิ,2,2023-04-17,5.8,True
5296,ครัว0296,ตามสั่ง,สวนหลวง,1,2023-03-07,8.3,True
5297,ร้านพี่0297,กะเพรา,ลาดพร้าว,2,2022-09-22,6.6,True
5298,ครัว0298,ตามสั่ง,บางกะปิ,1,2023-07-23,9.9,True
5299,ครัว0299,ตามสั่ง,บางกะปิ,1,2022-08-10,11.5,True
5300,ครัว0300,ตามสั่ง,ดินแดง,2,2023-10-27,6.0,True
5301,ชาบู0301,สุกี้ และชาบู,บางนา,1,2024-01-14,6.7,True
5302,ครัว0302,ตามสั่ง,จตุจักร,1,2022-10-22,9.7,True
5303,ครัว0303,ตามสั่ง,ดินแดง,2,2024-05-27,9.4,True
5304,โซล0304,เกาหลี,วัฒนา,2,2022-12-29,15.9,True
5305,ครัว0305,ตามสั่ง,บางนา,1,2024-06-05,8.0,True
5306,ซากุระ0306,ญี่ปุ่น,บางกะปิ,2,2022-09-05,13.2,True
5307,ชาไทย0307,ชานม และขนม,พญาไท,2,2023-10-25,11.3,True
5308,คาเฟ่0308,กาแฟ,บางนา,2,2022-10-30,12.7,True
5309,ชาไทย0309,ชานม และขนม,คลองเตย,1,2023-08-09,7.9,False
5310,คาเฟ่0310,กาแฟ,สาทร,3,2022-05-06,6.7,False
5311,เจดี0311,อาหารเจ,คลองเตย,2,2023-02-03,15.1,False
5312,ร้านพี่0312,กะเพรา,สวนหลวง,3,2022-10-18,7.2,True
5313,ชาบู0313,สุกี้ และชาบู,ดินแดง,2,2024-06-17,7.4,True
5314,ครัว0314,ตามสั่ง,ห้วยขวาง,3,2023-12-06,10.8,True
5315,คาเฟ่0315,กาแฟ,ดินแดง,1,2023-02-12,9.4,True
5316,เจ๊0316,ก๋วยเตี๋ยว,คลองเตย,1,2023-11-16,8.4,True
5317,ซากุระ0317,ญี่ปุ่น,จตุจักร,1,2022-08-21,9.8,True
5318,ซากุระ0318,ญี่ปุ่น,วัฒนา,2,2023-02-08,8.1,True
5319,ร้านพี่0319,กะเพรา,บางนา,2,2023-01-21,15.9,True
5320,ครัว0320,ตามสั่ง,พญาไท,2,2023-01-20,12.4,False
5321,ชาไทย0321,ชานม และขนม,บางรัก,2,2022-04-23,10.7,False
5322,ร้านพี่0322,กะเพรา,บางรัก,2,2023-03-23,7.5,True
5323,โซล0323,เกาหลี,ลาดพร้าว,1,2023-07-24,6.3,True
5324,ร้านพี่0324,กะเพรา,จตุจักร,1,2023-12-14,8.2,True
5325,เจดี0325,อาหารเจ,ดินแดง,3,2023-09-16,6.8,True
5326,เจ๊0326,ก๋วยเตี๋ยว,บางนา,1,2024-02-24,9.1,True
5327,ชาไทย0327,ชานม และขนม,วัฒนา,3,2024-03-18,6.6,True
5328,คาเฟ่0328,กาแฟ,วัฒนา,1,2023-11-30,15.5,True
5329,คาเฟ่0329,กาแฟ,วัฒนา,1,2023-01-31,9.1,True
5330,ย่างเนย0330,ปิ้งย่าง,บางนา,3,2022-09-01,8.3,True
5331,เจ๊0331,ก๋วยเตี๋ยว,ห้วยขวาง,1,2023-10-03,7.5,True
5332,เบอร์เกอร์0332,ฟาสต์ฟู้ด,บางนา,3,2022-12-13,7.8,True
5333,ชาไทย0333,ชานม และขนม,บางนา,3,2022-02-15,6.2,True
5334,ชาบู0334,สุกี้ และชาบู,จตุจักร,2,2023-11-01,5.3,True
5335,ครัว0335,ตามสั่ง,พญาไท,1,2023-08-14,10.5,False
5336,ส้มตำ0336,อีสาน,พญาไท,1,2023-01-05,7.8,True
5337,ย่างเนย0337,ปิ้งย่าง,พญาไท,3,2024-01-27,9.1,False
5338,ซากุระ0338,ญี่ปุ่น,ลาดพร้าว,2,2022-06-30,7.3,True
5339,ชาไทย0339,ชานม และขนม,บางกะปิ,2,2023-07-14,9.8,True
5340,ครัว0340,ตามสั่ง,ห้วยขวาง,2,2024-05-12,6.1,True
5341,คาเฟ่0341,กาแฟ,บางนา,2,2022-06-23,6.2,True
5342,คาเฟ่0342,กาแฟ,พญาไท,2,2023-12-24,11.4,False
5343,เจ๊0343,ก๋วยเตี๋ยว,บางกะปิ,1,2024-03-07,5.9,True
5344,ร้านพี่0344,กะเพรา,จตุจักร,2,2024-02-13,16.2,True
5345,ย่างเนย0345,ปิ้งย่าง,สาทร,2,2024-03-18,11.4,False
5346,ครัว0346,ตามสั่ง,บางนา,2,2023-01-09,6.7,True
5347,ครัว0347,ตามสั่ง,ห้วยขวาง,1,2023-09-28,8.8,True
5348,เจดี0348,อาหารเจ,บางนา,3,2023-10-12,14.3,True
5349,ร้านพี่0349,กะเพรา,บางรัก,3,2024-06-27,14.8,False
5350,ซากุระ0350,ญี่ปุ่น,จตุจักร,1,2023-12-18,6.9,True
5351,ย่างเนย0351,ปิ้งย่าง,บางนา,2,2022-07-10,14.4,True
5352,ร้านพี่0352,กะเพรา,พญาไท,2,2023-05-29,16.0,True
5353,ส้มตำ0353,อีสาน,ลาดพร้าว,2,2022-04-21,11.7,True
5354,เจดี0354,อาหารเจ,บางนา,2,2022-12-26,6.1,True
5355,เจ๊0355,ก๋วยเตี๋ยว,วัฒนา,2,2022-04-15,13.2,False
5356,ซากุระ0356,ญี่ปุ่น,บางนา,1,2022-08-08,12.5,True
5357,เจ๊0357,ก๋วยเตี๋ยว,สาทร,1,2022-11-16,7.8,True
5358,ครัว0358,ตามสั่ง,บางนา,1,2023-02-28,5.0,True
5359,ครัว0359,ตามสั่ง,สาทร,2,2024-01-30,9.5,False
5360,ครัว0360,ตามสั่ง,บางกะปิ,1,2023-02-26,11.2,False
5361,คาเฟ่0361,กาแฟ,คลองเตย,2,2022-11-24,8.2,False
5362,ครัว0362,ตามสั่ง,บางรัก,2,2022-04-05,10.5,False
5363,ชาไทย0363,ชานม และขนม,บางรัก,3,2022-12-01,9.0,False
5364,ครัว0364,ตามสั่ง,วัฒนา,1,2024-05-23,8.7,True
5365,ครัว0365,ตามสั่ง,ดินแดง,2,2024-06-20,8.5,True
5366,เจ๊0366,ก๋วยเตี๋ยว,ลาดพร้าว,1,2023-03-04,5.0,True
5367,ซากุระ0367,ญี่ปุ่น,คลองเตย,1,2022-07-27,9.5,False
5368,เจ๊0368,ก๋วยเตี๋ยว,วัฒนา,1,2023-05-11,6.6,True
5369,คาเฟ่0369,กาแฟ,ดินแดง,1,2022-10-13,15.1,False
5370,ซากุระ0370,ญี่ปุ่น,สวนหลวง,1,2023-03-28,10.7,True
5371,ร้านพี่0371,กะเพรา,จตุจักร,2,2022-09-27,6.4,True
5372,ชาไทย0372,ชานม และขนม,คลองเตย,1,2022-06-25,7.3,False
5373,ชาไทย0373,ชานม และขนม,สวนหลวง,2,2022-08-01,6.0,True
5374,โซล0374,เกาหลี,สวนหลวง,1,2024-01-26,8.2,True
5375,โซล0375,เกาหลี,พญาไท,1,2024-01-25,7.6,True
5376,ซากุระ0376,ญี่ปุ่น,วัฒนา,2,2022-12-22,9.6,True
5377,คาเฟ่0377,กาแฟ,บางกะปิ,1,2024-03-25,6.2,True
5378,ชาไทย0378,ชานม และขนม,สาทร,1,2023-07-12,8.0,True
5379,เจดี0379,อาหารเจ,จตุจักร,2,2023-03-04,6.8,True
5380,ซากุระ0380,ญี่ปุ่น,ห้วยขวาง,2,2022-02-15,11.4,True
5381,ครัว0381,ตามสั่ง,บางรัก,2,2022-03-26,8.9,False
5382,ชาไทย0382,ชานม และขนม,ดินแดง,1,2024-04-09,12.5,True
5383,ร้านพี่0383,กะเพรา,พญาไท,2,2023-06-27,15.7,False
5384,ย่างเนย0384,ปิ้งย่าง,ห้วยขวาง,1,2023-02-16,7.3,True
5385,ชาบู0385,สุกี้ และชาบู,คลองเตย,3,2023-10-09,8.1,False
5386,ชาบู0386,สุกี้ และชาบู,บางนา,2,2024-02-28,10.7,True
5387,ชาบู0387,สุกี้ และชาบู,บางกะปิ,1,2022-07-08,11.4,True
5388,เจ๊0388,ก๋วยเตี๋ยว,บางนา,1,2023-11-20,8.8,True
5389,คาเฟ่0389,กาแฟ,พญาไท,3,2023-12-16,9.0,False
5390,เจดี0390,อาหารเจ,คลองเตย,1,2023-04-30,13.1,True
5391,ย่างเนย0391,ปิ้งย่าง,สวนหลวง,2,2023-10-01,8.5,True
5392,ชาบู0392,สุกี้ และชาบู,สวนหลวง,2,2023-10-03,7.9,True
5393,ย่างเนย0393,ปิ้งย่าง,พญาไท,3,2022-07-22,7.4,True
5394,เบอร์เกอร์0394,ฟาสต์ฟู้ด,จตุจักร,2,2023-08-08,4.4,True
5395,เบอร์เกอร์0395,ฟาสต์ฟู้ด,จตุจักร,2,2023-08-22,6.6,True
5396,ครัว0396,ตามสั่ง,ห้วยขวาง,2,2022-08-31,12.9,True
5397,เบอร์เกอร์0397,ฟาสต์ฟู้ด,บางรัก,1,2023-07-07,9.8,True
5398,ย่างเนย0398,ปิ้งย่าง,บางรัก,1,2023-06-07,8.7,True
5399,ซากุระ0399,ญี่ปุ่น,บางรัก,1,2024-03-15,10.2,False
5400,ครัว0400,ตามสั่ง,ห้วยขวาง,1,2024-04-24,11.0,True
5401,เบอร์เกอร์0401,ฟาสต์ฟู้ด,ลาดพร้าว,1,2023-01-13,9.7,True
5402,ย่างเนย0402,ปิ้งย่าง,สาทร,1,2022-09-10,13.3,False
5403,ชาไทย0403,ชานม และขนม,บางรัก,1,2024-03-31,10.3,True
5404,เจ๊0404,ก๋วยเตี๋ยว,พญาไท,2,2024-04-29,7.2,False
5405,เบอร์เกอร์0405,ฟาสต์ฟู้ด,ลาดพร้าว,2,2024-04-21,10.7,True
5406,ส้มตำ0406,อีสาน,วัฒนา,2,2023-12-31,10.1,True
5407,ซากุระ0407,ญี่ปุ่น,ลาดพร้าว,3,2022-07-03,16.4,True
5408,ชาบู0408,สุกี้ และชาบู,ลาดพร้าว,1,2022-02-14,7.3,True
5409,ครัว0409,ตามสั่ง,บางนา,2,2024-01-18,13.9,True
5410,ซากุระ0410,ญี่ปุ่น,บางนา,1,2023-06-04,12.9,True
5411,ชาบู0411,สุกี้ และชาบู,วัฒนา,2,2023-02-16,12.7,True
5412,ส้มตำ0412,อีสาน,วัฒนา,1,2022-11-05,12.1,True
5413,โซล0413,เกาหลี,สวนหลวง,1,2024-04-06,7.8,True
5414,ซากุระ0414,ญี่ปุ่น,สวนหลวง,2,2023-05-04,13.9,True
5415,ซากุระ0415,ญี่ปุ่น,บางกะปิ,2,2022-04-04,6.4,True
5416,เจ๊0416,ก๋วยเตี๋ยว,คลองเตย,3,2022-03-06,17.0,False
5417,ครัว0417,ตามสั่ง,บางกะปิ,2,2023-06-09,17.1,True
5418,เจดี0418,อาหารเจ,ลาดพร้าว,2,2022-05-11,8.9,True
5419,เบอร์เกอร์0419,ฟาสต์ฟู้ด,บางรัก,2,2023-02-21,7.3,False
5420,ซากุระ0420,ญี่ปุ่น,บางกะปิ,1,2023-12-12,8.2,True
5421,เจดี0421,อาหารเจ,บางรัก,2,2023-01-26,5.5,False
5422,เจดี0422,อาหารเจ,คลองเตย,1,2022-12-11,6.7,False
5423,ครัว0423,ตามสั่ง,ห้วยขวาง,2,2022-10-29,6.5,True
5424,ร้านพี่0424,กะเพรา,ลาดพร้าว,2,2023-07-20,13.1,True
5425,ชาไทย0425,ชานม และขนม,สาทร,1,2022-04-20,8.9,False
5426,ชาไทย0426,ชานม และขนม,พญาไท,2,2024-03-16,7.9,False
5427,คาเฟ่0427,กาแฟ,วัฒนา,2,2023-07-12,6.6,True
5428,ร้านพี่0428,กะเพรา,จตุจักร,1,2024-02-04,8.4,True
5429,เจ๊0429,ก๋วยเตี๋ยว,บางนา,1,2023-01-15,10.9,True
5430,ร้านพี่0430,กะเพรา,บางรัก,1,2024-03-10,7.4,False
5431,ซากุระ0431,ญี่ปุ่น,บางรัก,1,2022-02-21,13.4,False
5432,ร้านพี่0432,กะเพรา,คลองเตย,2,2024-02-21,8.5,False
5433,โซล0433,เกาหลี,บางนา,1,2023-08-01,6.8,True
5434,เบอร์เกอร์0434,ฟาสต์ฟู้ด,สาทร,1,2023-07-28,6.4,False
5435,ส้มตำ0435,อีสาน,จตุจักร,1,2023-01-03,6.7,True
5436,ร้านพี่0436,กะเพรา,วัฒนา,1,2023-02-13,5.8,True
5437,ส้มตำ0437,อีสาน,จตุจักร,1,2022-12-14,8.7,True
5438,โซล0438,เกาหลี,บางนา,3,2023-05-01,9.9,True
5439,เจดี0439,อาหารเจ,บางกะปิ,2,2022-11-27,7.8,True
5440,ครัว0440,ตามสั่ง,จตุจักร,2,2023-09-17,14.1,True
5441,ครัว0441,ตามสั่ง,ลาดพร้าว,2,2022-04-19,5.7,True
5442,ชาบู0442,สุกี้ และชาบู,สาทร,1,2023-01-22,9.6,True
5443,ซากุระ0443,ญี่ปุ่น,ดินแดง,2,2023-11-07,5.2,True
5444,ชาบู0444,สุกี้ และชาบู,ห้วยขวาง,1,2024-06-05,8.7,True
5445,ครัว0445,ตามสั่ง,พญาไท,1,2022-11-08,11.4,True
5446,ซากุระ0446,ญี่ปุ่น,คลองเตย,1,2022-11-25,12.0,True
5447,ซากุระ0447,ญี่ปุ่น,ดินแดง,3,2023-03-25,10.7,True
5448,คาเฟ่0448,กาแฟ,บางรัก,2,2023-07-24,9.1,True
5449,ครัว0449,ตามสั่ง,วัฒนา,2,2022-03-12,9.8,True
5450,เจ๊0450,ก๋วยเตี๋ยว,ห้วยขวาง,2,2023-11-08,8.3,True
5451,เจ๊0451,ก๋วยเตี๋ยว,บางนา,1,2023-08-31,9.4,True
5452,ซากุระ0452,ญี่ปุ่น,พญาไท,3,2024-01-05,10.3,False
5453,ครัว0453,ตามสั่ง,บางรัก,3,2023-04-21,14.2,False
5454,ครัว0454,ตามสั่ง,ห้วยขวาง,3,2024-04-06,8.1,True
5455,เจ๊0455,ก๋วยเตี๋ยว,สาทร,1,2022-12-26,10.5,False
5456,เจดี0456,อาหารเจ,คลองเตย,2,2024-06-15,7.8,False
5457,เจดี0457,อาหารเจ,จตุจักร,1,2022-10-26,10.7,True
5458,เจ๊0458,ก๋วยเตี๋ยว,ลาดพร้าว,2,2024-03-08,12.1,True
5459,เบอร์เกอร์0459,ฟาสต์ฟู้ด,ดินแดง,2,2024-03-10,8.3,True
5460,ย่างเนย0460,ปิ้งย่าง,บางรัก,3,2024-04-16,17.2,False
5461,ส้มตำ0461,อีสาน,จตุจักร,2,2023-02-26,13.8,True
5462,ร้านพี่0462,กะเพรา,พญาไท,2,2024-03-06,16.7,False
5463,เจดี0463,อาหารเจ,สวนหลวง,1,2023-03-09,8.7,True
5464,ย่างเนย0464,ปิ้งย่าง,ลาดพร้าว,2,2023-10-16,4.1,True
5465,เจ๊0465,ก๋วยเตี๋ยว,พญาไท,2,2024-05-28,8.1,True
5466,ส้มตำ0466,อีสาน,ห้วยขวาง,1,2024-06-14,10.3,True
5467,ครัว0467,ตามสั่ง,ลาดพร้าว,2,2022-03-17,4.4,True
5468,เจ๊0468,ก๋วยเตี๋ยว,ดินแดง,2,2023-03-11,12.5,True
5469,ครัว0469,ตามสั่ง,สวนหลวง,1,2022-04-25,12.3,True
5470,เบอร์เกอร์0470,ฟาสต์ฟู้ด,ลาดพร้าว,2,2022-02-23,6.7,True
5471,เจ๊0471,ก๋วยเตี๋ยว,สาทร,2,2023-12-29,14.0,False
5472,ซากุระ0472,ญี่ปุ่น,ห้วยขวาง,1,2023-07-18,8.3,True
5473,ย่างเนย0473,ปิ้งย่าง,สาทร,1,2023-11-23,7.7,True
5474,ซากุระ0474,ญี่ปุ่น,วัฒนา,2,2023-10-03,8.7,True
5475,ซากุระ0475,ญี่ปุ่น,บางกะปิ,2,2024-01-16,10.4,True
5476,ซากุระ0476,ญี่ปุ่น,บางรัก,1,2023-11-05,8.9,False
5477,เจ๊0477,ก๋วยเตี๋ยว,บางรัก,2,2024-05-08,9.4,True
5478,เบอร์เกอร์0478,ฟาสต์ฟู้ด,ห้วยขวาง,1,2022-07-16,10.5,True
5479,ชาบู0479,สุกี้ และชาบู,วัฒนา,2,2024-02-03,11.7,True
5480,ครัว0480,ตามสั่ง,วัฒนา,2,2024-06-19,8.9,True
5481,ร้านพี่0481,กะเพรา,ดินแดง,1,2022-07-05,9.9,True
5482,ร้านพี่0482,กะเพรา,บางรัก,3,2024-01-19,8.1,True
5483,เจ๊0483,ก๋วยเตี๋ยว,ห้วยขวาง,2,2022-08-03,12.6,True
5484,ซากุระ0484,ญี่ปุ่น,ดินแดง,2,2023-09-03,8.1,True
5485,ครัว0485,ตามสั่ง,สาทร,2,2024-02-27,8.5,False
5486,ร้านพี่0486,กะเพรา,ลาดพร้าว,1,2024-06-02,6.4,True
5487,โซล0487,เกาหลี,ลาดพร้าว,2,2022-10-15,9.3,True
5488,เจดี0488,อาหารเจ,สวนหลวง,2,2024-04-21,12.2,True
5489,ครัว0489,ตามสั่ง,จตุจักร,3,2023-07-01,7.7,True
5490,ชาบู0490,สุกี้ และชาบู,สาทร,2,2024-01-15,7.5,False
5491,ย่างเนย0491,ปิ้งย่าง,สาทร,1,2022-04-08,8.0,False
5492,เจดี0492,อาหารเจ,วัฒนา,2,2023-09-25,8.9,True
5493,ครัว0493,ตามสั่ง,ลาดพร้าว,1,2022-09-29,9.3,True
5494,เจดี0494,อาหารเจ,บางนา,3,2022-11-09,10.8,True
5495,ร้านพี่0495,กะเพรา,ลาดพร้าว,3,2023-06-19,8.5,True
5496,ส้มตำ0496,อีสาน,บางนา,1,2022-06-03,7.7,True
5497,ส้มตำ0497,อีสาน,บางกะปิ,1,2024-02-07,18.6,True
5498,เจ๊0498,ก๋วยเตี๋ยว,ห้วยขวาง,1,2022-11-17,7.8,True
5499,โซล0499,เกาหลี,บางกะปิ,2,2023-07-02,8.7,True
5500,ครัว0500,ตามสั่ง,ห้วยขวาง,2,2022-07-19,10.4,True
5501,ชาไทย0501,ชานม และขนม,จตุจักร,2,2022-10-23,9.2,True
5502,เจ๊0502,ก๋วยเตี๋ยว,บางรัก,1,2024-01-12,9.2,False
5503,ส้มตำ0503,อีสาน,บางรัก,2,2022-04-28,6.9,True
5504,ชาไทย0504,ชานม และขนม,ลาดพร้าว,3,2024-04-19,8.3,True
5505,ร้านพี่0505,กะเพรา,สวนหลวง,2,2023-04-29,10.7,True
5506,ซากุระ0506,ญี่ปุ่น,ลาดพร้าว,3,2024-04-11,5.3,True
5507,ชาบู0507,สุกี้ และชาบู,ห้วยขวาง,2,2022-10-23,13.1,True
5508,ซากุระ0508,ญี่ปุ่น,บางนา,2,2023-01-15,6.1,True
5509,เจ๊0509,ก๋วยเตี๋ยว,จตุจักร,3,2022-12-19,11.3,True
5510,โซล0510,เกาหลี,บางนา,2,2023-04-01,12.3,True
5511,ซากุระ0511,ญี่ปุ่น,สาทร,2,2024-03-11,12.9,False
5512,คาเฟ่0512,กาแฟ,ลาดพร้าว,1,2022-08-20,10.2,True
5513,เบอร์เกอร์0513,ฟาสต์ฟู้ด,จตุจักร,2,2022-11-01,10.4,True
5514,ซากุระ0514,ญี่ปุ่น,บางนา,2,2023-02-17,15.9,True
5515,คาเฟ่0515,กาแฟ,บางนา,3,2023-03-24,7.5,True
5516,ครัว0516,ตามสั่ง,บางกะปิ,1,2023-04-27,14.2,True
5517,เบอร์เกอร์0517,ฟาสต์ฟู้ด,สาทร,1,2023-08-14,9.6,False
5518,ชาไทย0518,ชานม และขนม,ห้วยขวาง,3,2022-07-07,6.8,True
5519,ซากุระ0519,ญี่ปุ่น,คลองเตย,1,2023-01-18,14.8,False
5520,ย่างเนย0520,ปิ้งย่าง,ลาดพร้าว,1,2022-10-02,14.2,True
5521,เจดี0521,อาหารเจ,บางนา,2,2023-05-22,9.2,True
5522,ชาบู0522,สุกี้ และชาบู,สาทร,3,2024-02-20,8.7,False
5523,ครัว0523,ตามสั่ง,จตุจักร,2,2023-04-10,18.2,True
5524,เจดี0524,อาหารเจ,จตุจักร,2,2022-03-31,11.5,True
5525,โซล0525,เกาหลี,คลองเตย,1,2022-02-16,7.4,False
5526,ครัว0526,ตามสั่ง,วัฒนา,1,2023-05-21,12.4,True
5527,ซากุระ0527,ญี่ปุ่น,บางรัก,1,2023-10-22,6.5,False
5528,ส้มตำ0528,อีสาน,คลองเตย,1,2022-04-23,9.8,True
5529,ครัว0529,ตามสั่ง,บางรัก,2,2023-11-12,8.7,False
5530,ย่างเนย0530,ปิ้งย่าง,ลาดพร้าว,1,2024-05-19,6.0,True
5531,ซากุระ0531,ญี่ปุ่น,ห้วยขวาง,3,2022-08-23,7.1,True
5532,ครัว0532,ตามสั่ง,คลองเตย,1,2022-04-25,7.7,False
5533,ชาไทย0533,ชานม และขนม,จตุจักร,1,2023-02-18,6.7,True
5534,ครัว0534,ตามสั่ง,สาทร,1,2024-06-19,10.6,False
5535,คาเฟ่0535,กาแฟ,บางรัก,3,2023-01-08,7.7,False
5536,ครัว0536,ตามสั่ง,บางนา,3,2022-10-12,13.3,True
5537,เจ๊0537,ก๋วยเตี๋ยว,คลองเตย,2,2024-01-31,7.5,True
5538,โซล0538,เกาหลี,ห้วยขวาง,3,2023-04-07,11.5,True
5539,ชาไทย0539,ชานม และขนม,บางนา,1,2024-06-03,5.0,True
5540,ซากุระ0540,ญี่ปุ่น,วัฒนา,3,2023-07-23,11.3,True
5541,ร้านพี่0541,กะเพรา,ห้วยขวาง,2,2023-03-10,10.2,True
5542,ซากุระ0542,ญี่ปุ่น,คลองเตย,2,2023-08-11,8.0,False
5543,ซากุระ0543,ญี่ปุ่น,สวนหลวง,3,2022-04-09,15.0,True
5544,ส้มตำ0544,อีสาน,พญาไท,3,2022-09-26,6.3,True
5545,โซล0545,เกาหลี,ลาดพร้าว,1,2022-11-18,8.0,True
5546,ครัว0546,ตามสั่ง,สวนหลวง,1,2024-03-13,12.7,False
5547,ครัว0547,ตามสั่ง,บางรัก,1,2023-01-27,19.7,True
5548,ครัว0548,ตามสั่ง,สาทร,3,2024-01-07,8.5,True
5549,ซากุระ0549,ญี่ปุ่น,วัฒนา,2,2024-01-22,9.3,True
5550,ส้มตำ0550,อีสาน,สวนหลวง,3,2024-05-08,12.6,True
5551,ส้มตำ0551,อีสาน,บางรัก,1,2024-04-12,11.9,False
5552,ซากุระ0552,ญี่ปุ่น,วัฒนา,3,2022-02-27,10.2,True
5553,ชาไทย0553,ชานม และขนม,บางกะปิ,1,2023-07-17,7.3,True
5554,คาเฟ่0554,กาแฟ,บางรัก,1,2022-09-30,8.8,False
5555,ครัว0555,ตามสั่ง,สวนหลวง,2,2023-11-22,12.3,True
5556,ครัว0556,ตามสั่ง,จตุจักร,3,2022-07-27,10.0,True
5557,คาเฟ่0557,กาแฟ,ดินแดง,2,2022-11-29,9.6,True
5558,ซากุระ0558,ญี่ปุ่น,พญาไท,1,2022-06-12,8.4,False
5559,เจ๊0559,ก๋วยเตี๋ยว,ห้วยขวาง,1,2024-03-19,14.3,True
5560,ซากุระ0560,ญี่ปุ่น,ลาดพร้าว,2,2023-07-08,7.4,True
5561,ซากุระ0561,ญี่ปุ่น,บางนา,2,2022-09-02,12.9,True
5562,ซากุระ0562,ญี่ปุ่น,บางนา,2,2023-10-29,8.9,True
5563,ซากุระ0563,ญี่ปุ่น,บางนา,1,2023-11-28,7.8,True
5564,เจ๊0564,ก๋วยเตี๋ยว,บางนา,3,2023-01-26,10.8,True
5565,ส้มตำ0565,อีสาน,พญาไท,1,2024-03-06,15.3,False
5566,ครัว0566,ตามสั่ง,ลาดพร้าว,2,2023-09-22,11.1,True
5567,โซล0567,เกาหลี,ลาดพร้าว,2,2024-06-06,15.3,True
5568,เจ๊0568,ก๋วยเตี๋ยว,สวนหลวง,2,2022-08-10,9.7,False
5569,ส้มตำ0569,อีสาน,พญาไท,1,2023-01-22,8.7,False
5570,เบอร์เกอร์0570,ฟาสต์ฟู้ด,ลาดพร้าว,1,2022-10-24,8.6,True
5571,ครัว0571,ตามสั่ง,บางนา,3,2024-06-19,7.0,True
5572,ครัว0572,ตามสั่ง,ห้วยขวาง,1,2023-08-17,9.5,True
5573,โซล0573,เกาหลี,จตุจักร,1,2024-03-03,18.0,True
5574,ครัว0574,ตามสั่ง,ดินแดง,1,2023-06-19,7.7,True
5575,ร้านพี่0575,กะเพรา,จตุจักร,1,2023-11-05,6.1,True
5576,เบอร์เกอร์0576,ฟาสต์ฟู้ด,สาทร,2,2022-03-10,8.8,False
5577,ครัว0577,ตามสั่ง,บางนา,1,2023-07-28,13.3,True
5578,โซล0578,เกาหลี,ดินแดง,2,2023-09-14,8.3,True
5579,ส้มตำ0579,อีสาน,ดินแดง,1,2024-05-25,5.2,True
5580,ร้านพี่0580,กะเพรา,วัฒนา,1,2024-06-22,9.9,True
5581,คาเฟ่0581,กาแฟ,บางรัก,2,2023-10-06,12.3,False
5582,ครัว0582,ตามสั่ง,บางรัก,3,2023-12-22,7.6,False
5583,ครัว0583,ตามสั่ง,ห้วยขวาง,2,2024-04-10,7.8,True
5584,เจ๊0584,ก๋วยเตี๋ยว,บางนา,2,2023-05-16,5.8,True
5585,ชาบู0585,สุกี้ และชาบู,สาทร,3,2022-08-18,9.1,False
5586,เจ๊0586,ก๋วยเตี๋ยว,ห้วยขวาง,2,2023-01-28,15.8,True
5587,ย่างเนย0587,ปิ้งย่าง,ห้วยขวาง,1,2023-05-22,14.6,True
5588,ชาไทย0588,ชานม และขนม,ลาดพร้าว,2,2022-08-23,8.9,True
5589,โซล0589,เกาหลี,บางนา,1,2023-07-30,9.4,True
5590,ร้านพี่0590,กะเพรา,วัฒนา,3,2024-03-27,9.8,True
5591,เจ๊0591,ก๋วยเตี๋ยว,จตุจักร,3,2023-04-07,8.7,True
5592,ส้มตำ0592,อีสาน,วัฒนา,2,2022-05-06,12.4,True
5593,ชาไทย0593,ชานม และขนม,วัฒนา,2,2024-06-14,13.3,True
5594,เบอร์เกอร์0594,ฟาสต์ฟู้ด,พญาไท,1,2022-11-15,12.7,False
5595,คาเฟ่0595,กาแฟ,บางนา,1,2023-10-16,11.3,True
5596,เบอร์เกอร์0596,ฟาสต์ฟู้ด,ห้วยขวาง,1,2022-10-01,8.4,True
5597,เจ๊0597,ก๋วยเตี๋ยว,ดินแดง,2,2023-02-18,11.4,True
5598,ชาไทย0598,ชานม และขนม,วัฒนา,1,2022-07-07,7.2,True
5599,ครัว0599,ตามสั่ง,ลาดพร้าว,1,2023-03-28,13.0,True
5600,คาเฟ่0600,กาแฟ,บางนา,2,2023-05-17,16.2,True
5601,คาเฟ่0601,กาแฟ,บางนา,2,2024-02-02,5.3,True
5602,ครัว0602,ตามสั่ง,วัฒนา,2,2022-08-08,10.8,True
5603,ชาไทย0603,ชานม และขนม,จตุจักร,1,2024-03-22,7.7,True
5604,เจดี0604,อาหารเจ,วัฒนา,2,2023-03-19,6.9,True
5605,โซล0605,เกาหลี,ลาดพร้าว,1,2024-05-20,5.7,True
5606,ครัว0606,ตามสั่ง,บางนา,2,2023-10-14,10.6,True
5607,ครัว0607,ตามสั่ง,บางนา,3,2024-06-02,12.2,True
5608,ครัว0608,ตามสั่ง,บางรัก,1,2023-01-25,9.5,False
5609,เจ๊0609,ก๋วยเตี๋ยว,บางนา,2,2024-05-05,9.9,True
5610,ครัว0610,ตามสั่ง,ลาดพร้าว,3,2022-12-01,13.7,True
5611,ชาบู0611,สุกี้ และชาบู,วัฒนา,2,2023-10-21,9.6,True
5612,ร้านพี่0612,กะเพรา,ลาดพร้าว,1,2022-06-25,7.2,True
5613,ร้านพี่0613,กะเพรา,ห้วยขวาง,1,2022-11-04,11.2,True
5614,คาเฟ่0614,กาแฟ,บางกะปิ,2,2023-10-15,10.6,True
5615,เบอร์เกอร์0615,ฟาสต์ฟู้ด,สาทร,2,2023-02-24,7.0,False
5616,ครัว0616,ตามสั่ง,บางกะปิ,1,2022-05-18,8.2,True
5617,ร้านพี่0617,กะเพรา,พญาไท,3,2022-08-23,13.2,False
5618,ส้มตำ0618,อีสาน,บางนา,1,2023-08-09,8.2,True
5619,ร้านพี่0619,กะเพรา,ลาดพร้าว,1,2022-04-25,16.4,True
5620,ครัว0620,ตามสั่ง,พญาไท,1,2023-09-02,7.0,False
5621,ครัว0621,ตามสั่ง,ดินแดง,2,2023-08-17,9.0,True
5622,ครัว0622,ตามสั่ง,คลองเตย,1,2022-07-02,8.5,False
5623,ครัว0623,ตามสั่ง,จตุจักร,1,2022-02-16,5.1,True
5624,ซากุระ0624,ญี่ปุ่น,บางรัก,3,2024-01-21,8.7,False
5625,ชาบู0625,สุกี้ และชาบู,บางนา,1,2023-06-24,10.7,True
5626,ชาไทย0626,ชานม และขนม,จตุจักร,2,2023-12-23,7.3,True
5627,โซล0627,เกาหลี,บางกะปิ,2,2022-05-16,12.5,True
5628,ร้านพี่0628,กะเพรา,ห้วยขวาง,3,2023-01-25,11.3,True
5629,ชาไทย0629,ชานม และขนม,วัฒนา,1,2024-02-25,7.3,True
5630,เบอร์เกอร์0630,ฟาสต์ฟู้ด,วัฒนา,1,2022-09-20,7.9,True
5631,ชาบู0631,สุกี้ และชาบู,ดินแดง,3,2023-07-10,9.8,False
5632,เบอร์เกอร์0632,ฟาสต์ฟู้ด,ห้วยขวาง,2,2022-03-02,12.1,True
5633,ชาบู0633,สุกี้ และชาบู,คลองเตย,2,2024-06-03,5.9,False
5634,ครัว0634,ตามสั่ง,ลาดพร้าว,3,2022-05-20,9.6,True
5635,เจดี0635,อาหารเจ,ห้วยขวาง,2,2022-03-16,10.2,True
5636,โซล0636,เกาหลี,ลาดพร้าว,2,2023-11-19,8.9,True
5637,ร้านพี่0637,กะเพรา,บางนา,1,2023-09-08,10.7,True
5638,ซากุระ0638,ญี่ปุ่น,วัฒนา,3,2024-01-06,15.4,True
5639,ซากุระ0639,ญี่ปุ่น,ห้วยขวาง,1,2022-04-01,8.3,True
5640,ครัว0640,ตามสั่ง,วัฒนา,2,2023-01-14,10.5,True
5641,เจ๊0641,ก๋วยเตี๋ยว,ลาดพร้าว,3,2023-04-14,9.6,True
5642,ซากุระ0642,ญี่ปุ่น,จตุจักร,2,2022-03-11,15.7,True
5643,โซล0643,เกาหลี,บางนา,3,2023-10-05,6.7,True
5644,ครัว0644,ตามสั่ง,จตุจักร,3,2024-03-12,6.1,True
5645,ร้านพี่0645,กะเพรา,ห้วยขวาง,1,2023-11-18,14.6,True
5646,ซากุระ0646,ญี่ปุ่น,ห้วยขวาง,3,2023-10-24,9.6,True
5647,คาเฟ่0647,กาแฟ,พญาไท,2,2023-08-02,10.4,True
5648,เบอร์เกอร์0648,ฟาสต์ฟู้ด,ห้วยขวาง,2,2023-05-20,8.5,True
5649,ชาไทย0649,ชานม และขนม,ห้วยขวาง,1,2022-05-09,10.0,True
5650,ครัว0650,ตามสั่ง,คลองเตย,1,2024-06-08,13.0,False
5651,ครัว0651,ตามสั่ง,ลาดพร้าว,1,2023-09-24,15.0,True
5652,ครัว0652,ตามสั่ง,บางกะปิ,1,2023-12-14,4.2,False
5653,ร้านพี่0653,กะเพรา,บางกะปิ,2,2022-10-18,8.5,True
5654,ครัว0654,ตามสั่ง,สวนหลวง,1,2024-05-09,9.2,True
5655,ครัว0655,ตามสั่ง,บางนา,2,2022-10-03,6.9,True
5656,ซากุระ0656,ญี่ปุ่น,สาทร,2,2023-05-15,12.0,False
5657,เจ๊0657,ก๋วยเตี๋ยว,พญาไท,2,2024-06-25,10.6,True
5658,โซล0658,เกาหลี,ดินแดง,2,2023-01-21,9.3,True
5659,ซากุระ0659,ญี่ปุ่น,จตุจักร,1,2024-02-18,9.9,True
5660,ครัว0660,ตามสั่ง,บางรัก,1,2022-08-24,7.2,False
5661,ส้มตำ0661,อีสาน,ดินแดง,2,2022-02-20,12.8,True
5662,เจดี0662,อาหารเจ,บางนา,1,2024-04-08,9.7,True
5663,ส้มตำ0663,อีสาน,จตุจักร,3,2023-09-29,6.5,True
5664,โซล0664,เกาหลี,สวนหลวง,2,2022-04-19,9.4,True
5665,ร้านพี่0665,กะเพรา,ลาดพร้าว,1,2023-05-22,10.0,True
5666,ชาบู0666,สุกี้ และชาบู,สวนหลวง,2,2022-05-20,9.4,True
5667,เบอร์เกอร์0667,ฟาสต์ฟู้ด,ดินแดง,3,2023-03-12,9.7,True
5668,ครัว0668,ตามสั่ง,บางรัก,1,2024-02-26,13.7,True
5669,ครัว0669,ตามสั่ง,วัฒนา,2,2022-06-24,7.0,True
5670,ชาไทย0670,ชานม และขนม,วัฒนา,1,2023-11-08,9.7,True
5671,ซากุระ0671,ญี่ปุ่น,สวนหลวง,1,2023-08-08,10.3,True
5672,ซากุระ0672,ญี่ปุ่น,วัฒนา,2,2024-01-26,10.1,True
5673,เบอร์เกอร์0673,ฟาสต์ฟู้ด,บางนา,2,2024-02-20,4.5,True
5674,ซากุระ0674,ญี่ปุ่น,จตุจักร,1,2022-12-01,8.1,True
5675,ร้านพี่0675,กะเพรา,ดินแดง,2,2023-09-26,5.5,True
5676,ซากุระ0676,ญี่ปุ่น,บางรัก,1,2022-05-14,7.7,True
5677,เบอร์เกอร์0677,ฟาสต์ฟู้ด,จตุจักร,3,2022-08-13,6.7,True
5678,ซากุระ0678,ญี่ปุ่น,ดินแดง,2,2022-11-17,11.2,True
5679,ซากุระ0679,ญี่ปุ่น,วัฒนา,1,2022-11-12,13.2,True
5680,ย่างเนย0680,ปิ้งย่าง,บางนา,2,2024-05-04,4.7,True
5681,ซากุระ0681,ญี่ปุ่น,ห้วยขวาง,3,2024-05-01,10.0,True
5682,ซากุระ0682,ญี่ปุ่น,วัฒนา,2,2023-11-04,7.3,True
5683,ซากุระ0683,ญี่ปุ่น,สวนหลวง,1,2023-01-29,13.4,True
5684,เจดี0684,อาหารเจ,ห้วยขวาง,1,2022-08-12,9.6,True
5685,คาเฟ่0685,กาแฟ,สาทร,2,2022-11-19,8.0,False
5686,ซากุระ0686,ญี่ปุ่น,วัฒนา,2,2024-03-10,14.4,True
5687,ครัว0687,ตามสั่ง,พญาไท,1,2024-06-19,17.8,True
5688,ซากุระ0688,ญี่ปุ่น,ลาดพร้าว,2,2023-07-08,10.0,True
5689,โซล0689,เกาหลี,พญาไท,1,2022-09-27,11.8,True
5690,เจ๊0690,ก๋วยเตี๋ยว,วัฒนา,1,2024-05-05,11.0,True
5691,ซากุระ0691,ญี่ปุ่น,สาทร,2,2022-12-09,6.0,False
5692,ชาไทย0692,ชานม และขนม,ดินแดง,2,2022-07-03,6.6,True
5693,ส้มตำ0693,อีสาน,จตุจักร,3,2023-08-17,17.0,True
5694,เจ๊0694,ก๋วยเตี๋ยว,บางรัก,1,2022-12-19,6.7,False
5695,ครัว0695,ตามสั่ง,วัฒนา,2,2022-09-14,11.1,True
5696,ร้านพี่0696,กะเพรา,บางนา,1,2022-04-11,13.0,True
5697,ส้มตำ0697,อีสาน,วัฒนา,2,2023-11-23,11.1,True
5698,ซากุระ0698,ญี่ปุ่น,สวนหลวง,1,2023-05-19,10.9,True
5699,เบอร์เกอร์0699,ฟาสต์ฟู้ด,วัฒนา,3,2024-05-08,8.0,True
5700,ชาไทย0700,ชานม และขนม,วัฒนา,1,2022-08-19,6.0,True
5701,ชาไทย0701,ชานม และขนม,ลาดพร้าว,1,2022-05-04,5.3,False
5702,ย่างเนย0702,ปิ้งย่าง,บางกะปิ,2,2023-10-03,9.0,True
5703,ส้มตำ0703,อีสาน,สาทร,2,2024-03-25,12.8,False
5704,เบอร์เกอร์0704,ฟาสต์ฟู้ด,สวนหลวง,2,2022-05-14,8.0,True
5705,ครัว0705,ตามสั่ง,ดินแดง,3,2024-02-20,10.5,True
5706,ย่างเนย0706,ปิ้งย่าง,วัฒนา,3,2023-06-30,7.1,True
5707,ครัว0707,ตามสั่ง,บางนา,1,2022-05-08,13.1,True
5708,ครัว0708,ตามสั่ง,บางรัก,2,2022-02-28,8.2,False
5709,ซากุระ0709,ญี่ปุ่น,คลองเตย,2,2024-04-11,9.8,False
5710,ชาไทย0710,ชานม และขนม,บางกะปิ,2,2023-06-12,9.7,True
5711,คาเฟ่0711,กาแฟ,บางรัก,1,2023-08-02,7.8,False
5712,เบอร์เกอร์0712,ฟาสต์ฟู้ด,บางนา,1,2022-12-21,11.9,True
5713,ย่างเนย0713,ปิ้งย่าง,จตุจักร,1,2022-02-22,9.5,True
5714,ครัว0714,ตามสั่ง,ลาดพร้าว,2,2023-02-05,10.1,True
5715,ครัว0715,ตามสั่ง,บางนา,1,2022-03-10,4.9,True
5716,เจดี0716,อาหารเจ,บางกะปิ,1,2023-05-31,18.4,True
5717,เจ๊0717,ก๋วยเตี๋ยว,ลาดพร้าว,2,2022-12-25,7.3,True
5718,โซล0718,เกาหลี,จตุจักร,3,2023-04-14,8.3,False
5719,ร้านพี่0719,กะเพรา,ดินแดง,1,2023-11-20,14.9,False
5720,ร้านพี่0720,กะเพรา,วัฒนา,1,2022-10-10,10.7,True
5721,ชาบู0721,สุกี้ และชาบู,จตุจักร,2,2022-05-31,7.4,True
5722,ซากุระ0722,ญี่ปุ่น,ลาดพร้าว,2,2023-09-10,8.0,True
5723,เจดี0723,อาหารเจ,พญาไท,1,2022-05-05,9.2,False
5724,เจ๊0724,ก๋วยเตี๋ยว,ห้วยขวาง,2,2024-03-09,13.4,True
5725,ย่างเนย0725,ปิ้งย่าง,คลองเตย,1,2023-09-26,5.0,True
5726,ซากุระ0726,ญี่ปุ่น,ห้วยขวาง,2,2024-01-04,7.9,True
5727,ซากุระ0727,ญี่ปุ่น,พญาไท,3,2024-02-10,12.8,False
5728,ชาบู0728,สุกี้ และชาบู,ดินแดง,2,2022-05-05,6.6,True
5729,ส้มตำ0729,อีสาน,พญาไท,1,2023-02-20,14.0,False
5730,ร้านพี่0730,กะเพรา,สาทร,2,2023-07-04,6.7,False
5731,เจดี0731,อาหารเจ,สาทร,1,2022-05-21,22.1,False
5732,ครัว0732,ตามสั่ง,สาทร,1,2024-06-08,7.4,False
5733,เจดี0733,อาหารเจ,จตุจักร,3,2024-04-19,9.7,True
5734,ซากุระ0734,ญี่ปุ่น,บางนา,1,2022-10-31,13.1,True
5735,คาเฟ่0735,กาแฟ,ลาดพร้าว,3,2022-03-30,10.4,True
5736,ส้มตำ0736,อีสาน,ลาดพร้าว,1,2023-05-07,6.8,True
5737,ครัว0737,ตามสั่ง,บางรัก,2,2023-05-31,12.0,False
5738,ชาไทย0738,ชานม และขนม,บางกะปิ,2,2024-06-28,5.6,True
5739,ซากุระ0739,ญี่ปุ่น,บางนา,2,2023-09-30,7.9,True
5740,ชาไทย0740,ชานม และขนม,บางนา,3,2023-11-13,8.5,True
5741,ครัว0741,ตามสั่ง,ห้วยขวาง,1,2024-05-21,11.4,True
5742,เบอร์เกอร์0742,ฟาสต์ฟู้ด,บางนา,3,2023-01-14,7.7,True
5743,ซากุระ0743,ญี่ปุ่น,บางกะปิ,1,2022-11-29,8.6,True
5744,คาเฟ่0744,กาแฟ,คลองเตย,1,2024-03-28,10.5,True
5745,ซากุระ0745,ญี่ปุ่น,วัฒนา,3,2023-10-15,8.0,True
5746,ครัว0746,ตามสั่ง,วัฒนา,1,2022-12-22,17.8,True
5747,ส้มตำ0747,อีสาน,สาทร,1,2023-06-03,8.4,False
5748,ชาไทย0748,ชานม และขนม,สวนหลวง,1,2024-06-24,8.8,True
5749,ส้มตำ0749,อีสาน,บางนา,1,2022-03-11,13.4,True
5750,เบอร์เกอร์0750,ฟาสต์ฟู้ด,คลองเตย,2,2022-08-31,10.6,False
5751,ร้านพี่0751,กะเพรา,บางนา,1,2023-06-16,6.1,True
5752,ย่างเนย0752,ปิ้งย่าง,ลาดพร้าว,1,2022-09-30,10.6,True
5753,ซากุระ0753,ญี่ปุ่น,บางนา,1,2024-03-11,12.4,True
5754,เจ๊0754,ก๋วยเตี๋ยว,วัฒนา,1,2023-11-15,11.6,True
5755,คาเฟ่0755,กาแฟ,บางนา,1,2024-01-02,10.1,True
5756,ครัว0756,ตามสั่ง,บางรัก,2,2023-09-27,10.1,True
5757,ชาไทย0757,ชานม และขนม,ห้วยขวาง,1,2022-03-09,8.6,True
5758,ชาไทย0758,ชานม และขนม,บางนา,1,2024-01-05,16.6,True
5759,เบอร์เกอร์0759,ฟาสต์ฟู้ด,ห้วยขวาง,2,2022-11-08,10.4,True
5760,คาเฟ่0760,กาแฟ,ห้วยขวาง,1,2022-07-08,10.7,True
5761,ส้มตำ0761,อีสาน,ห้วยขวาง,3,2023-09-18,7.7,True
5762,ครัว0762,ตามสั่ง,จตุจักร,3,2023-06-04,12.6,True
5763,ร้านพี่0763,กะเพรา,วัฒนา,2,2022-06-26,10.9,True
5764,ซากุระ0764,ญี่ปุ่น,บางกะปิ,1,2024-05-03,12.7,True
5765,ครัว0765,ตามสั่ง,ลาดพร้าว,1,2022-10-25,10.3,True
5766,เจดี0766,อาหารเจ,จตุจักร,2,2022-03-06,14.1,True
5767,เจ๊0767,ก๋วยเตี๋ยว,วัฒนา,2,2023-02-01,6.2,True
5768,ชาไทย0768,ชานม และขนม,ลาดพร้าว,1,2022-07-17,12.2,True
5769,ซากุระ0769,ญี่ปุ่น,ห้วยขวาง,1,2023-05-30,7.2,True
5770,คาเฟ่0770,กาแฟ,ลาดพร้าว,2,2023-07-19,7.4,True
5771,ชาไทย0771,ชานม และขนม,วัฒนา,2,2022-05-22,5.6,True
5772,ครัว0772,ตามสั่ง,บางนา,2,2024-01-20,10.6,True
5773,เบอร์เกอร์0773,ฟาสต์ฟู้ด,วัฒนา,1,2022-12-12,15.1,True
5774,ร้านพี่0774,กะเพรา,บางรัก,2,2023-10-16,7.2,True
5775,ครัว0775,ตามสั่ง,วัฒนา,1,2023-03-28,6.2,True
5776,ซากุระ0776,ญี่ปุ่น,จตุจักร,1,2023-12-27,10.8,True
5777,ร้านพี่0777,กะเพรา,บางรัก,1,2024-05-25,10.1,False
5778,ซากุระ0778,ญี่ปุ่น,คลองเตย,1,2023-01-01,8.6,False
5779,โซล0779,เกาหลี,ห้วยขวาง,1,2022-04-20,10.6,True
5780,ร้านพี่0780,กะเพรา,ลาดพร้าว,1,2023-03-05,6.5,True
5781,ส้มตำ0781,อีสาน,ลาดพร้าว,2,2024-02-09,12.0,True
5782,ร้านพี่0782,กะเพรา,บางนา,3,2022-11-13,10.9,True
5783,เจดี0783,อาหารเจ,พญาไท,1,2023-12-22,9.1,False
5784,ชาไทย0784,ชานม และขนม,สาทร,2,2024-06-16,10.0,False
5785,ซากุระ0785,ญี่ปุ่น,สาทร,1,2023-03-17,10.3,False
5786,ร้านพี่0786,กะเพรา,บางนา,2,2024-01-20,7.1,True
5787,ชาไทย0787,ชานม และขนม,ลาดพร้าว,1,2022-10-27,5.6,True
5788,ส้มตำ0788,อีสาน,บางนา,2,2023-07-10,6.2,True
5789,ย่างเนย0789,ปิ้งย่าง,พญาไท,2,2023-09-19,7.4,False
5790,เจ๊0790,ก๋วยเตี๋ยว,ห้วยขวาง,3,2023-12-21,5.2,True
5791,เบอร์เกอร์0791,ฟาสต์ฟู้ด,ห้วยขวาง,1,2022-11-25,10.5,True
5792,เจ๊0792,ก๋วยเตี๋ยว,วัฒนา,3,2022-12-20,10.5,True
5793,เจดี0793,อาหารเจ,บางกะปิ,3,2022-05-05,20.5,True
5794,ส้มตำ0794,อีสาน,บางกะปิ,3,2023-11-27,6.6,True
5795,เบอร์เกอร์0795,ฟาสต์ฟู้ด,บางนา,1,2022-07-25,6.6,True
5796,ย่างเนย0796,ปิ้งย่าง,พญาไท,1,2024-04-07,8.5,True
5797,คาเฟ่0797,กาแฟ,พญาไท,2,2022-10-28,10.0,True
5798,โซล0798,เกาหลี,พญาไท,2,2023-07-01,9.1,False
5799,เจ๊0799,ก๋วยเตี๋ยว,สวนหลวง,1,2023-01-14,6.3,True
5800,ร้านพี่0800,กะเพรา,วัฒนา,1,2024-06-24,7.6,True
5801,เจ๊0801,ก๋วยเตี๋ยว,วัฒนา,1,2023-02-03,6.1,True
5802,ร้านพี่0802,กะเพรา,ดินแดง,1,2023-01-06,12.1,True
5803,ชาบู0803,สุกี้ และชาบู,ลาดพร้าว,1,2022-07-19,5.7,True
5804,ครัว0804,ตามสั่ง,ลาดพร้าว,1,2024-06-07,9.9,True
5805,เจ๊0805,ก๋วยเตี๋ยว,บางกะปิ,1,2023-11-22,11.9,True
5806,ชาบู0806,สุกี้ และชาบู,วัฒนา,1,2023-08-07,8.4,True
5807,เจ๊0807,ก๋วยเตี๋ยว,ลาดพร้าว,3,2022-05-12,7.0,True
5808,ซากุระ0808,ญี่ปุ่น,พญาไท,1,2023-02-19,8.9,False
5809,ร้านพี่0809,กะเพรา,ลาดพร้าว,2,2024-05-08,6.9,True
5810,ชาไทย0810,ชานม และขนม,จตุจักร,2,2023-11-01,17.0,True
5811,ร้านพี่0811,กะเพรา,สาทร,2,2023-03-23,20.7,True
5812,ส้มตำ0812,อีสาน,วัฒนา,1,2023-09-19,10.8,True
5813,ย่างเนย0813,ปิ้งย่าง,พญาไท,2,2023-11-14,11.7,False
5814,ชาไทย0814,ชานม และขนม,ดินแดง,1,2022-08-10,10.4,True
5815,ชาบู0815,สุกี้ และชาบู,พญาไท,1,2022-02-17,20.1,False
5816,เจดี0816,อาหารเจ,พญาไท,2,2023-10-19,11.0,True
5817,เบอร์เกอร์0817,ฟาสต์ฟู้ด,บางรัก,2,2023-06-19,7.8,False
5818,เจดี0818,อาหารเจ,ลาดพร้าว,1,2022-04-10,7.3,True
5819,ย่างเนย0819,ปิ้งย่าง,ลาดพร้าว,2,2023-05-24,9.0,True
5820,ร้านพี่0820,กะเพรา,จตุจักร,2,2024-02-28,9.9,True
5821,ซากุระ0821,ญี่ปุ่น,สาทร,2,2023-02-15,14.8,False
5822,ครัว0822,ตามสั่ง,พญาไท,2,2023-06-27,6.5,False
5823,ย่างเนย0823,ปิ้งย่าง,ลาดพร้าว,3,2024-02-12,17.3,True
5824,เจ๊0824,ก๋วยเตี๋ยว,บางนา,1,2023-08-06,8.5,True
5825,ชาไทย0825,ชานม และขนม,จตุจักร,3,2024-06-23,7.9,True
5826,ครัว0826,ตามสั่ง,บางนา,3,2024-05-04,8.9,True
5827,โซล0827,เกาหลี,สาทร,2,2022-02-27,10.3,True
5828,ซากุระ0828,ญี่ปุ่น,บางนา,1,2023-11-28,21.6,True
5829,คาเฟ่0829,กาแฟ,ห้วยขวาง,1,2023-08-08,6.8,True
5830,ส้มตำ0830,อีสาน,สวนหลวง,1,2023-06-12,7.7,True
5831,ซากุระ0831,ญี่ปุ่น,ห้วยขวาง,2,2023-01-18,8.6,True
5832,เบอร์เกอร์0832,ฟาสต์ฟู้ด,ลาดพร้าว,2,2023-12-13,8.6,True
5833,ครัว0833,ตามสั่ง,สวนหลวง,3,2022-07-29,9.8,False
5834,ส้มตำ0834,อีสาน,ห้วยขวาง,3,2023-05-04,13.8,True
5835,ซากุระ0835,ญี่ปุ่น,บางกะปิ,3,2022-11-19,12.0,True
5836,ย่างเนย0836,ปิ้งย่าง,พญาไท,2,2024-03-29,8.9,False
5837,ครัว0837,ตามสั่ง,ลาดพร้าว,3,2022-02-25,14.5,True
5838,ซากุระ0838,ญี่ปุ่น,ลาดพร้าว,2,2022-03-19,5.6,True
5839,ซากุระ0839,ญี่ปุ่น,บางนา,1,2023-06-30,9.4,True
5840,เจ๊0840,ก๋วยเตี๋ยว,ลาดพร้าว,2,2024-04-17,9.7,True
5841,ย่างเนย0841,ปิ้งย่าง,บางกะปิ,1,2022-02-14,7.0,True
5842,ส้มตำ0842,อีสาน,ลาดพร้าว,1,2023-02-07,9.2,True
5843,ครัว0843,ตามสั่ง,บางกะปิ,1,2023-08-22,8.7,True
5844,ร้านพี่0844,กะเพรา,บางนา,2,2022-05-07,11.1,False
5845,เจดี0845,อาหารเจ,ห้วยขวาง,2,2023-12-31,8.2,True
5846,เบอร์เกอร์0846,ฟาสต์ฟู้ด,ห้วยขวาง,1,2022-05-21,8.1,True
5847,ร้านพี่0847,กะเพรา,บางรัก,1,2024-04-05,6.8,False
5848,ส้มตำ0848,อีสาน,วัฒนา,1,2024-06-29,8.9,True
5849,ซากุระ0849,ญี่ปุ่น,บางนา,1,2022-07-17,7.6,False
5850,ชาไทย0850,ชานม และขนม,ห้วยขวาง,2,2023-05-18,8.8,True
5851,คาเฟ่0851,กาแฟ,สวนหลวง,2,2022-07-22,11.5,True
5852,ครัว0852,ตามสั่ง,ห้วยขวาง,1,2022-10-03,6.3,True
5853,เบอร์เกอร์0853,ฟาสต์ฟู้ด,ห้วยขวาง,2,2022-11-05,10.7,True
5854,ร้านพี่0854,กะเพรา,สวนหลวง,2,2023-12-31,7.6,True
5855,ร้านพี่0855,กะเพรา,คลองเตย,2,2022-12-02,9.2,False
5856,ส้มตำ0856,อีสาน,ห้วยขวาง,1,2023-05-16,8.5,True
5857,ส้มตำ0857,อีสาน,ลาดพร้าว,1,2024-01-03,13.6,True
5858,คาเฟ่0858,กาแฟ,ห้วยขวาง,2,2023-09-18,12.6,True
5859,ซากุระ0859,ญี่ปุ่น,พญาไท,1,2024-03-01,14.5,False
5860,ซากุระ0860,ญี่ปุ่น,บางนา,1,2023-04-14,10.1,True
5861,ครัว0861,ตามสั่ง,ลาดพร้าว,3,2022-10-04,14.4,True
5862,ส้มตำ0862,อีสาน,บางนา,3,2023-07-26,9.0,True
5863,ชาบู0863,สุกี้ และชาบู,จตุจักร,1,2022-07-01,6.3,True
5864,เจ๊0864,ก๋วยเตี๋ยว,ลาดพร้าว,1,2023-03-10,11.0,True
5865,ชาบู0865,สุกี้ และชาบู,ลาดพร้าว,2,2022-11-18,6.7,True
5866,ร้านพี่0866,กะเพรา,จตุจักร,1,2022-11-11,8.9,True
5867,เจ๊0867,ก๋วยเตี๋ยว,บางนา,3,2024-05-21,7.1,True
5868,ชาบู0868,สุกี้ และชาบู,จตุจักร,2,2022-11-24,5.6,True
5869,ครัว0869,ตามสั่ง,จตุจักร,2,2022-06-26,8.3,True
5870,โซล0870,เกาหลี,สวนหลวง,2,2022-12-19,7.8,True
5871,ซากุระ0871,ญี่ปุ่น,บางนา,3,2022-11-28,4.3,True
5872,ซากุระ0872,ญี่ปุ่น,ห้วยขวาง,3,2022-05-13,7.5,True
5873,ส้มตำ0873,อีสาน,จตุจักร,2,2022-07-03,10.1,True
5874,โซล0874,เกาหลี,บางกะปิ,3,2023-12-12,7.5,True
5875,เจดี0875,อาหารเจ,บางกะปิ,3,2023-04-26,9.6,True
5876,คาเฟ่0876,กาแฟ,พญาไท,1,2023-11-20,8.2,False
5877,ครัว0877,ตามสั่ง,ลาดพร้าว,1,2022-09-30,8.0,True
5878,ซากุระ0878,ญี่ปุ่น,สาทร,1,2022-02-23,17.4,False
5879,ครัว0879,ตามสั่ง,ลาดพร้าว,1,2022-11-28,7.4,True
5880,ครัว0880,ตามสั่ง,คลองเตย,1,2023-09-01,10.6,False
5881,ส้มตำ0881,อีสาน,ลาดพร้าว,1,2022-12-24,6.2,True
5882,ส้มตำ0882,อีสาน,ห้วยขวาง,2,2023-04-25,17.8,True
5883,คาเฟ่0883,กาแฟ,บางกะปิ,1,2023-02-26,5.4,True
5884,ชาบู0884,สุกี้ และชาบู,ห้วยขวาง,3,2023-10-10,6.4,True
5885,คาเฟ่0885,กาแฟ,บางกะปิ,1,2023-11-12,9.7,True
5886,ย่างเนย0886,ปิ้งย่าง,บางรัก,2,2023-03-18,11.8,False
5887,ส้มตำ0887,อีสาน,ห้วยขวาง,1,2024-04-10,9.3,True
5888,เจ๊0888,ก๋วยเตี๋ยว,วัฒนา,1,2022-07-06,8.8,True
5889,ส้มตำ0889,อีสาน,บางรัก,1,2022-08-17,9.8,False
5890,ร้านพี่0890,กะเพรา,บางกะปิ,1,2024-01-22,13.5,True
5891,ซากุระ0891,ญี่ปุ่น,ลาดพร้าว,1,2022-06-05,9.9,True
5892,ส้มตำ0892,อีสาน,บางนา,2,2023-10-03,7.4,True
5893,ซากุระ0893,ญี่ปุ่น,ลาดพร้าว,3,2022-08-07,10.7,True
5894,ชาบู0894,สุกี้ และชาบู,บางกะปิ,1,2023-01-18,9.9,True
5895,เจ๊0895,ก๋วยเตี๋ยว,บางรัก,3,2023-11-14,9.1,False
5896,ชาไทย0896,ชานม และขนม,บางกะปิ,1,2024-04-04,8.2,True
5897,ส้มตำ0897,อีสาน,ห้วยขวาง,3,2023-02-08,14.8,True
5898,ชาบู0898,สุกี้ และชาบู,สาทร,2,2022-06-13,5.1,False
5899,เบอร์เกอร์0899,ฟาสต์ฟู้ด,จตุจักร,1,2022-12-13,6.2,True
5900,ชาบู0900,สุกี้ และชาบู,จตุจักร,2,2022-05-05,8.9,True
5901,ครัว0901,ตามสั่ง,ดินแดง,2,2023-02-14,7.2,True
5902,ชาบู0902,สุกี้ และชาบู,ห้วยขวาง,1,2023-01-31,8.8,True
5903,ซากุระ0903,ญี่ปุ่น,บางนา,3,2022-12-18,8.5,True
5904,เบอร์เกอร์0904,ฟาสต์ฟู้ด,ลาดพร้าว,3,2024-05-03,6.5,True
5905,ครัว0905,ตามสั่ง,ดินแดง,3,2022-11-10,7.5,True
5906,คาเฟ่0906,กาแฟ,บางกะปิ,1,2024-05-26,12.9,True
5907,ครัว0907,ตามสั่ง,วัฒนา,3,2024-02-19,6.8,True
5908,ย่างเนย0908,ปิ้งย่าง,สวนหลวง,1,2022-07-22,8.3,True
5909,ซากุระ0909,ญี่ปุ่น,ห้วยขวาง,3,2024-05-06,9.9,True
5910,ร้านพี่0910,กะเพรา,สวนหลวง,1,2022-12-13,8.1,True
5911,ชาไทย0911,ชานม และขนม,วัฒนา,2,2023-11-19,10.4,True
5912,ชาบู0912,สุกี้ และชาบู,วัฒนา,2,2022-10-24,6.8,True
5913,ชาบู0913,สุกี้ และชาบู,ลาดพร้าว,2,2022-08-15,7.9,True
5914,ส้มตำ0914,อีสาน,วัฒนา,1,2023-11-29,6.7,True
5915,ครัว0915,ตามสั่ง,คลองเตย,1,2024-05-07,10.1,False
5916,ครัว0916,ตามสั่ง,พญาไท,1,2023-03-01,8.5,False
5917,ร้านพี่0917,กะเพรา,วัฒนา,1,2022-03-15,6.6,True
5918,ครัว0918,ตามสั่ง,สวนหลวง,3,2024-04-08,10.0,True
5919,ย่างเนย0919,ปิ้งย่าง,วัฒนา,1,2023-01-01,6.4,True
5920,ร้านพี่0920,กะเพรา,คลองเตย,1,2023-11-16,6.9,False
5921,ครัว0921,ตามสั่ง,บางกะปิ,2,2024-06-09,9.1,True
5922,ส้มตำ0922,อีสาน,คลองเตย,3,2023-03-24,13.8,True
5923,ส้มตำ0923,อีสาน,บางนา,1,2024-02-03,11.9,True
5924,ซากุระ0924,ญี่ปุ่น,ลาดพร้าว,3,2024-04-08,10.8,True
5925,เจดี0925,อาหารเจ,สาทร,1,2023-01-16,11.8,False
5926,ย่างเนย0926,ปิ้งย่าง,บางกะปิ,2,2022-07-16,6.1,True
5927,โซล0927,เกาหลี,ลาดพร้าว,3,2022-10-23,16.2,True
5928,ชาไทย0928,ชานม และขนม,วัฒนา,2,2023-06-04,7.9,True
5929,ชาไทย0929,ชานม และขนม,คลองเตย,1,2024-01-27,10.9,False
5930,ครัว0930,ตามสั่ง,ลาดพร้าว,2,2022-04-03,11.1,True
5931,โซล0931,เกาหลี,สาทร,1,2022-11-04,7.1,True
5932,ส้มตำ0932,อีสาน,บางนา,1,2023-09-06,8.3,True
5933,ร้านพี่0933,กะเพรา,บางนา,1,2022-03-16,11.6,True
5934,ร้านพี่0934,กะเพรา,ห้วยขวาง,2,2024-02-26,7.9,False
5935,ชาบู0935,สุกี้ และชาบู,วัฒนา,2,2022-08-31,7.6,True
5936,ซากุระ0936,ญี่ปุ่น,ลาดพร้าว,1,2022-09-09,8.9,True
5937,ย่างเนย0937,ปิ้งย่าง,ดินแดง,2,2022-12-27,11.3,True
5938,ซากุระ0938,ญี่ปุ่น,ลาดพร้าว,2,2022-07-07,6.9,True
5939,เจ๊0939,ก๋วยเตี๋ยว,บางนา,3,2022-11-27,16.6,True
5940,ครัว0940,ตามสั่ง,จตุจักร,2,2023-05-11,6.1,True
5941,เบอร์เกอร์0941,ฟาสต์ฟู้ด,สวนหลวง,2,2022-04-03,10.1,True
5942,ชาไทย0942,ชานม และขนม,ดินแดง,2,2024-05-09,8.0,True
5943,เจ๊0943,ก๋วยเตี๋ยว,บางกะปิ,2,2022-06-21,8.5,True
5944,ครัว0944,ตามสั่ง,สาทร,2,2024-05-08,13.2,True
5945,ครัว0945,ตามสั่ง,บางนา,1,2022-07-22,13.1,True
5946,เจ๊0946,ก๋วยเตี๋ยว,วัฒนา,1,2024-04-20,12.6,True
5947,ชาไทย0947,ชานม และขนม,พญาไท,2,2024-04-22,11.7,False
5948,ชาไทย0948,ชานม และขนม,บางกะปิ,2,2024-06-02,6.8,True
5949,ซากุระ0949,ญี่ปุ่น,ดินแดง,1,2024-05-21,8.0,True
5950,ร้านพี่0950,กะเพรา,ลาดพร้าว,2,2023-03-21,12.6,True
5951,ชาไทย0951,ชานม และขนม,คลองเตย,1,2023-09-25,5.5,True
5952,เจ๊0952,ก๋วยเตี๋ยว,ลาดพร้าว,2,2022-04-18,6.1,True
5953,ครัว0953,ตามสั่ง,วัฒนา,2,2023-07-08,8.1,True
5954,ซากุระ0954,ญี่ปุ่น,พญาไท,2,2022-10-10,20.6,False
5955,ร้านพี่0955,กะเพรา,บางกะปิ,1,2023-08-26,18.3,True
5956,ย่างเนย0956,ปิ้งย่าง,บางกะปิ,1,2022-03-01,6.7,True
5957,ครัว0957,ตามสั่ง,ลาดพร้าว,1,2022-05-16,10.2,True
5958,ร้านพี่0958,กะเพรา,ห้วยขวาง,2,2022-06-03,7.2,True
5959,ครัว0959,ตามสั่ง,คลองเตย,1,2022-08-19,10.3,False
5960,ร้านพี่0960,กะเพรา,บางรัก,1,2023-03-30,8.5,False
5961,ครัว0961,ตามสั่ง,บางรัก,1,2024-05-03,9.2,False
5962,ซากุระ0962,ญี่ปุ่น,คลองเตย,2,2023-12-27,6.4,False
5963,ซากุระ0963,ญี่ปุ่น,วัฒนา,1,2022-10-28,15.8,True
5964,ครัว0964,ตามสั่ง,ลาดพร้าว,3,2022-10-21,15.0,True
5965,ซากุระ0965,ญี่ปุ่น,สาทร,1,2022-07-16,5.7,True
5966,เบอร์เกอร์0966,ฟาสต์ฟู้ด,บางกะปิ,3,2023-02-20,6.7,True
5967,เบอร์เกอร์0967,ฟาสต์ฟู้ด,ลาดพร้าว,2,2023-03-12,8.9,True
5968,ย่างเนย0968,ปิ้งย่าง,ลาดพร้าว,2,2024-06-30,14.5,True
5969,ซากุระ0969,ญี่ปุ่น,สวนหลวง,1,2024-04-05,7.9,True
5970,ซากุระ0970,ญี่ปุ่น,บางกะปิ,1,2023-01-06,13.3,True
5971,ร้านพี่0971,กะเพรา,ห้วยขวาง,1,2023-02-18,5.0,True
5972,ครัว0972,ตามสั่ง,พญาไท,1,2022-03-30,9.3,False
5973,คาเฟ่0973,กาแฟ,บางกะปิ,2,2023-04-09,9.2,True
5974,ซากุระ0974,ญี่ปุ่น,พญาไท,2,2022-03-03,13.3,False
5975,ครัว0975,ตามสั่ง,บางนา,1,2022-10-08,9.0,True
5976,ซากุระ0976,ญี่ปุ่น,จตุจักร,2,2022-11-28,7.7,True
5977,ร้านพี่0977,กะเพรา,บางกะปิ,2,2023-06-25,15.3,True
5978,โซล0978,เกาหลี,วัฒนา,1,2023-05-14,6.0,True
5979,ร้านพี่0979,กะเพรา,บางกะปิ,2,2022-11-13,8.8,True
5980,ครัว0980,ตามสั่ง,สาทร,1,2023-01-21,11.7,False
5981,ส้มตำ0981,อีสาน,วัฒนา,1,2022-04-26,8.9,True
5982,ซากุระ0982,ญี่ปุ่น,พญาไท,1,2023-08-08,11.2,False
5983,ซากุระ0983,ญี่ปุ่น,บางนา,2,2023-12-07,9.7,True
5984,ครัว0984,ตามสั่ง,บางนา,1,2023-02-28,16.3,True
5985,ซากุระ0985,ญี่ปุ่น,พญาไท,2,2022-08-18,6.6,True
5986,เจดี0986,อาหารเจ,บางกะปิ,1,2022-04-01,19.2,True
5987,คาเฟ่0987,กาแฟ,พญาไท,1,2023-06-08,11.5,False
5988,ซากุระ0988,ญี่ปุ่น,บางรัก,1,2023-09-29,14.1,False
5989,ชาไทย0989,ชานม และขนม,วัฒนา,1,2022-08-01,13.0,True
5990,ซากุระ0990,ญี่ปุ่น,บางนา,3,2023-10-25,5.9,True
5991,ซากุระ0991,ญี่ปุ่น,วัฒนา,2,2023-09-06,8.9,True
5992,ชาบู0992,สุกี้ และชาบู,บางกะปิ,1,2024-01-21,8.0,True
5993,ชาไทย0993,ชานม และขนม,บางนา,3,2023-01-09,9.4,False
5994,ร้านพี่0994,กะเพรา,ดินแดง,2,2023-04-06,8.0,True
5995,ครัว0995,ตามสั่ง,วัฒนา,2,2022-08-11,6.2,True
5996,เบอร์เกอร์0996,ฟาสต์ฟู้ด,บางกะปิ,2,2023-02-15,9.2,True
5997,ชาไทย0997,ชานม และขนม,ลาดพร้าว,2,2023-07-29,12.2,True
5998,ซากุระ0998,ญี่ปุ่น,วัฒนา,2,2022-10-15,7.8,True
5999,เจ๊0999,ก๋วยเตี๋ยว,ลาดพร้าว,2,2023-06-21,11.3,True
6000,ร้านพี่1000,กะเพรา,วัฒนา,3,2023-12-07,9.3,True
6001,ร้านพี่1001,กะเพรา,วัฒนา,2,2023-03-20,7.7,True
6002,ครัว1002,ตามสั่ง,บางรัก,2,2022-10-25,7.6,False
6003,คาเฟ่1003,กาแฟ,จตุจักร,1,2023-06-11,9.0,True
6004,ชาบู1004,สุกี้ และชาบู,วัฒนา,1,2023-06-30,15.6,False
6005,ครัว1005,ตามสั่ง,สวนหลวง,1,2023-10-08,8.1,True
6006,ส้มตำ1006,อีสาน,พญาไท,1,2023-11-04,6.0,False
6007,ส้มตำ1007,อีสาน,บางกะปิ,2,2023-01-11,10.5,True
6008,ย่างเนย1008,ปิ้งย่าง,จตุจักร,1,2023-03-26,15.4,True
6009,ชาไทย1009,ชานม และขนม,บางนา,1,2023-04-16,9.2,True
6010,ซากุระ1010,ญี่ปุ่น,วัฒนา,2,2024-06-22,9.4,True
6011,ย่างเนย1011,ปิ้งย่าง,ลาดพร้าว,1,2024-05-20,13.5,True
6012,ครัว1012,ตามสั่ง,พญาไท,2,2023-05-26,8.7,False
6013,เบอร์เกอร์1013,ฟาสต์ฟู้ด,บางกะปิ,3,2023-05-06,7.8,True
6014,โซล1014,เกาหลี,ดินแดง,2,2022-03-01,7.5,True
6015,ชาไทย1015,ชานม และขนม,ลาดพร้าว,1,2023-04-08,12.7,True
6016,ซากุระ1016,ญี่ปุ่น,ลาดพร้าว,2,2023-04-10,8.9,True
6017,เจดี1017,อาหารเจ,บางกะปิ,1,2022-10-01,11.9,True
6018,ซากุระ1018,ญี่ปุ่น,วัฒนา,2,2024-04-28,9.6,True
6019,คาเฟ่1019,กาแฟ,ลาดพร้าว,3,2023-09-16,8.1,True
6020,ย่างเนย1020,ปิ้งย่าง,จตุจักร,1,2023-11-30,16.2,True
6021,เจดี1021,อาหารเจ,บางนา,2,2023-06-08,11.6,True
6022,ชาไทย1022,ชานม และขนม,ลาดพร้าว,2,2022-06-18,10.4,True
6023,ชาไทย1023,ชานม และขนม,คลองเตย,2,2024-03-02,6.4,True
6024,เจดี1024,อาหารเจ,ลาดพร้าว,2,2023-01-06,12.7,True
6025,ครัว1025,ตามสั่ง,พญาไท,3,2023-01-08,9.8,False
6026,ร้านพี่1026,กะเพรา,วัฒนา,2,2024-02-05,9.4,True
6027,ซากุระ1027,ญี่ปุ่น,สวนหลวง,1,2022-07-03,11.4,True
6028,เจ๊1028,ก๋วยเตี๋ยว,ดินแดง,2,2023-05-25,5.6,True
6029,ชาไทย1029,ชานม และขนม,พญาไท,1,2024-01-31,8.5,False
6030,ย่างเนย1030,ปิ้งย่าง,ดินแดง,3,2023-04-11,7.8,True
6031,ครัว1031,ตามสั่ง,ลาดพร้าว,2,2022-08-01,12.5,True
6032,ร้านพี่1032,กะเพรา,ลาดพร้าว,2,2023-06-20,8.4,True
6033,ชาไทย1033,ชานม และขนม,วัฒนา,3,2023-04-16,8.6,True
6034,ร้านพี่1034,กะเพรา,ลาดพร้าว,2,2022-04-18,6.4,True
6035,คาเฟ่1035,กาแฟ,สวนหลวง,1,2023-07-07,7.3,True
6036,ร้านพี่1036,กะเพรา,ดินแดง,2,2023-10-21,11.2,True
6037,ซากุระ1037,ญี่ปุ่น,พญาไท,2,2024-01-15,12.7,False
6038,ร้านพี่1038,กะเพรา,วัฒนา,3,2023-11-23,9.8,True
6039,ร้านพี่1039,กะเพรา,บางนา,2,2023-07-01,7.7,True
6040,ส้มตำ1040,อีสาน,บางรัก,1,2022-06-17,10.1,True
6041,เจ๊1041,ก๋วยเตี๋ยว,สาทร,1,2022-12-22,10.3,False
6042,ครัว1042,ตามสั่ง,ลาดพร้าว,2,2023-03-26,8.6,True
6043,โซล1043,เกาหลี,ดินแดง,2,2022-06-16,6.1,True
6044,คาเฟ่1044,กาแฟ,คลองเตย,1,2023-10-26,8.0,False
6045,ส้มตำ1045,อีสาน,จตุจักร,3,2022-10-24,7.3,True
6046,โซล1046,เกาหลี,บางรัก,2,2022-05-24,6.1,False
6047,ร้านพี่1047,กะเพรา,บางกะปิ,1,2023-02-12,9.4,True
6048,ร้านพี่1048,กะเพรา,คลองเตย,2,2023-03-12,11.3,False
6049,เจ๊1049,ก๋วยเตี๋ยว,ลาดพร้าว,2,2022-10-03,8.4,True
6050,เบอร์เกอร์1050,ฟาสต์ฟู้ด,ลาดพร้าว,2,2023-01-02,5.7,True
6051,เจ๊1051,ก๋วยเตี๋ยว,ลาดพร้าว,1,2022-07-25,15.5,True
6052,ชาไทย1052,ชานม และขนม,วัฒนา,1,2023-05-31,9.3,True
6053,ครัว1053,ตามสั่ง,บางนา,1,2022-04-01,12.9,True
6054,เบอร์เกอร์1054,ฟาสต์ฟู้ด,สาทร,3,2022-10-13,9.5,False
6055,เบอร์เกอร์1055,ฟาสต์ฟู้ด,บางกะปิ,2,2023-01-15,9.7,True
6056,เบอร์เกอร์1056,ฟาสต์ฟู้ด,จตุจักร,3,2022-09-09,9.5,True
6057,ร้านพี่1057,กะเพรา,บางนา,1,2024-04-15,13.5,True
6058,เบอร์เกอร์1058,ฟาสต์ฟู้ด,ห้วยขวาง,1,2024-04-06,20.3,True
6059,ครัว1059,ตามสั่ง,คลองเตย,1,2024-04-25,7.6,True
6060,ส้มตำ1060,อีสาน,จตุจักร,2,2023-03-09,10.8,True
6061,ครัว1061,ตามสั่ง,สาทร,3,2023-09-07,7.2,False
6062,ครัว1062,ตามสั่ง,ลาดพร้าว,2,2023-10-28,11.3,True
6063,ส้มตำ1063,อีสาน,สาทร,2,2022-09-19,10.5,False
6064,ชาไทย1064,ชานม และขนม,คลองเตย,1,2024-02-12,14.0,False
6065,ซากุระ1065,ญี่ปุ่น,บางรัก,1,2022-08-21,17.8,False
6066,ครัว1066,ตามสั่ง,ห้วยขวาง,1,2022-09-04,10.5,True
6067,ซากุระ1067,ญี่ปุ่น,ลาดพร้าว,1,2023-05-18,15.0,True
6068,ครัว1068,ตามสั่ง,คลองเตย,2,2023-07-10,8.6,False
6069,คาเฟ่1069,กาแฟ,สาทร,2,2023-09-16,5.1,False
6070,คาเฟ่1070,กาแฟ,วัฒนา,3,2024-04-18,8.1,True
6071,ส้มตำ1071,อีสาน,ลาดพร้าว,1,2023-05-16,5.6,True
6072,ซากุระ1072,ญี่ปุ่น,ลาดพร้าว,1,2022-10-16,9.0,True
6073,ครัว1073,ตามสั่ง,ลาดพร้าว,1,2023-09-07,6.9,True
6074,คาเฟ่1074,กาแฟ,สวนหลวง,3,2022-03-03,13.7,True
6075,ครัว1075,ตามสั่ง,ลาดพร้าว,2,2023-10-14,7.3,True
6076,คาเฟ่1076,กาแฟ,สาทร,1,2023-02-26,17.0,False
6077,ย่างเนย1077,ปิ้งย่าง,พญาไท,2,2022-03-11,16.1,False
6078,ร้านพี่1078,กะเพรา,จตุจักร,1,2022-05-12,7.7,True
6079,ครัว1079,ตามสั่ง,คลองเตย,1,2024-04-16,5.5,True
6080,เบอร์เกอร์1080,ฟาสต์ฟู้ด,สาทร,3,2022-06-12,10.6,True
6081,เบอร์เกอร์1081,ฟาสต์ฟู้ด,บางรัก,2,2023-10-10,9.7,True
6082,ครัว1082,ตามสั่ง,บางกะปิ,1,2023-02-05,13.7,True
6083,ซากุระ1083,ญี่ปุ่น,ลาดพร้าว,1,2022-08-19,8.8,True
6084,เบอร์เกอร์1084,ฟาสต์ฟู้ด,สาทร,2,2023-08-09,5.1,True
6085,ส้มตำ1085,อีสาน,สวนหลวง,3,2022-03-07,10.1,True
6086,ชาไทย1086,ชานม และขนม,บางนา,2,2023-05-15,7.4,True
6087,ส้มตำ1087,อีสาน,ห้วยขวาง,3,2024-03-09,7.2,True
6088,ส้มตำ1088,อีสาน,ลาดพร้าว,1,2023-08-30,17.4,True
6089,ซากุระ1089,ญี่ปุ่น,ห้วยขวาง,2,2022-05-27,10.1,True
6090,โซล1090,เกาหลี,ลาดพร้าว,3,2023-12-05,12.1,True
6091,ส้มตำ1091,อีสาน,สาทร,2,2022-08-25,8.9,False
6092,คาเฟ่1092,กาแฟ,ดินแดง,2,2023-02-25,10.0,True
6093,ครัว1093,ตามสั่ง,บางนา,1,2024-05-07,6.3,True
6094,ส้มตำ1094,อีสาน,ห้วยขวาง,2,2022-07-24,12.4,False
6095,ครัว1095,ตามสั่ง,ดินแดง,1,2022-02-25,7.4,True
6096,เบอร์เกอร์1096,ฟาสต์ฟู้ด,ลาดพร้าว,2,2023-02-18,15.2,True
6097,ซากุระ1097,ญี่ปุ่น,จตุจักร,1,2023-08-05,9.2,True
6098,เจดี1098,อาหารเจ,คลองเตย,2,2024-05-08,7.2,False
6099,ครัว1099,ตามสั่ง,บางนา,1,2023-05-23,13.6,True
6100,ส้มตำ1100,อีสาน,วัฒนา,2,2022-05-11,12.2,True
6101,เจ๊1101,ก๋วยเตี๋ยว,ลาดพร้าว,2,2022-04-14,6.8,True
6102,คาเฟ่1102,กาแฟ,ลาดพร้าว,1,2022-05-11,9.0,True
6103,ร้านพี่1103,กะเพรา,บางนา,1,2022-12-05,10.1,True
6104,ชาไทย1104,ชานม และขนม,ลาดพร้าว,1,2022-02-19,12.0,True
6105,ส้มตำ1105,อีสาน,สาทร,3,2024-01-23,12.7,True
6106,เบอร์เกอร์1106,ฟาสต์ฟู้ด,บางกะปิ,1,2024-04-22,12.1,True
6107,คาเฟ่1107,กาแฟ,ห้วยขวาง,3,2024-05-21,8.0,True
6108,เจ๊1108,ก๋วยเตี๋ยว,วัฒนา,2,2022-02-16,7.0,True
6109,ชาไทย1109,ชานม และขนม,บางรัก,2,2023-07-21,7.4,False
6110,ครัว1110,ตามสั่ง,ห้วยขวาง,2,2023-10-02,13.0,True
6111,เบอร์เกอร์1111,ฟาสต์ฟู้ด,ลาดพร้าว,1,2023-02-15,13.5,True
6112,ครัว1112,ตามสั่ง,บางกะปิ,2,2023-12-04,12.6,True
6113,ซากุระ1113,ญี่ปุ่น,วัฒนา,1,2023-04-24,11.7,True
6114,ครัว1114,ตามสั่ง,คลองเตย,2,2024-02-19,11.4,False
6115,ซากุระ1115,ญี่ปุ่น,สาทร,1,2022-02-22,17.3,False
6116,เจดี1116,อาหารเจ,ห้วยขวาง,1,2023-05-04,14.1,True
6117,ครัว1117,ตามสั่ง,บางกะปิ,2,2024-03-03,13.1,True
6118,เบอร์เกอร์1118,ฟาสต์ฟู้ด,พญาไท,1,2022-04-04,16.6,False
6119,ชาบู1119,สุกี้ และชาบู,สาทร,2,2024-05-28,9.6,True
6120,ร้านพี่1120,กะเพรา,วัฒนา,3,2023-01-04,8.8,True
6121,ซากุระ1121,ญี่ปุ่น,จตุจักร,2,2023-02-03,9.7,True
6122,ซากุระ1122,ญี่ปุ่น,จตุจักร,2,2022-11-01,8.1,True
6123,ชาไทย1123,ชานม และขนม,ลาดพร้าว,1,2022-11-02,9.2,True
6124,ครัว1124,ตามสั่ง,คลองเตย,3,2024-02-25,6.5,False
6125,ซากุระ1125,ญี่ปุ่น,บางนา,2,2022-08-03,15.2,True
6126,ส้มตำ1126,อีสาน,ห้วยขวาง,2,2022-06-14,12.8,True
6127,เจ๊1127,ก๋วยเตี๋ยว,ลาดพร้าว,2,2024-04-30,17.1,True
6128,ส้มตำ1128,อีสาน,บางกะปิ,2,2023-10-24,10.2,True
6129,คาเฟ่1129,กาแฟ,บางกะปิ,3,2023-04-28,11.2,True
6130,เจดี1130,อาหารเจ,บางรัก,3,2023-02-28,11.3,False
6131,ซากุระ1131,ญี่ปุ่น,วัฒนา,3,2024-01-17,9.6,True
6132,ครัว1132,ตามสั่ง,บางกะปิ,2,2023-03-16,13.5,True
6133,ส้มตำ1133,อีสาน,บางนา,1,2023-12-17,7.0,True
6134,โซล1134,เกาหลี,จตุจักร,2,2023-10-07,6.7,True
6135,ครัว1135,ตามสั่ง,พญาไท,2,2023-03-30,10.7,True
6136,ซากุระ1136,ญี่ปุ่น,พญาไท,1,2023-12-21,8.0,True
6137,ครัว1137,ตามสั่ง,ดินแดง,1,2023-07-14,8.8,True
6138,ร้านพี่1138,กะเพรา,วัฒนา,1,2023-03-11,13.3,True
6139,เบอร์เกอร์1139,ฟาสต์ฟู้ด,ดินแดง,3,2024-07-01,11.9,True
6140,ร้านพี่1140,กะเพรา,คลองเตย,1,2024-02-13,10.6,False
6141,เบอร์เกอร์1141,ฟาสต์ฟู้ด,สวนหลวง,1,2022-05-07,12.3,True
6142,ครัว1142,ตามสั่ง,ดินแดง,1,2022-04-09,10.0,True
6143,ชาไทย1143,ชานม และขนม,บางนา,2,2023-03-05,8.6,True
6144,ส้มตำ1144,อีสาน,วัฒนา,1,2024-04-13,10.0,True
6145,คาเฟ่1145,กาแฟ,ห้วยขวาง,2,2022-07-04,7.9,True
6146,ย่างเนย1146,ปิ้งย่าง,บางรัก,1,2023-12-27,10.1,False
6147,ร้านพี่1147,กะเพรา,ห้วยขวาง,2,2022-04-17,8.7,True
6148,ซากุระ1148,ญี่ปุ่น,บางนา,2,2024-01-18,8.9,True
6149,เจ๊1149,ก๋วยเตี๋ยว,ลาดพร้าว,1,2022-07-26,5.3,True
6150,ร้านพี่1150,กะเพรา,บางรัก,1,2022-04-27,24.3,False
6151,ร้านพี่1151,กะเพรา,วัฒนา,1,2024-05-08,13.8,True
6152,คาเฟ่1152,กาแฟ,สวนหลวง,2,2023-04-27,6.6,True
6153,เจ๊1153,ก๋วยเตี๋ยว,ดินแดง,1,2023-01-02,11.5,True
6154,ครัว1154,ตามสั่ง,วัฒนา,2,2022-05-15,5.7,True
6155,เบอร์เกอร์1155,ฟาสต์ฟู้ด,ดินแดง,1,2022-05-29,11.9,True
6156,ส้มตำ1156,อีสาน,ดินแดง,1,2022-07-03,10.8,True
6157,ครัว1157,ตามสั่ง,สาทร,2,2022-05-04,9.6,False
6158,เบอร์เกอร์1158,ฟาสต์ฟู้ด,พญาไท,2,2022-12-03,5.7,False
6159,ซากุระ1159,ญี่ปุ่น,ลาดพร้าว,1,2023-09-28,13.0,True
6160,เจ๊1160,ก๋วยเตี๋ยว,บางนา,2,2023-04-16,8.9,True
6161,ชาไทย1161,ชานม และขนม,จตุจักร,2,2023-05-24,10.0,True
6162,ส้มตำ1162,อีสาน,ห้วยขวาง,2,2023-04-07,8.6,False
6163,ครัว1163,ตามสั่ง,บางรัก,2,2023-04-30,13.1,True
6164,ครัว1164,ตามสั่ง,สาทร,2,2022-03-03,13.0,False
6165,ซากุระ1165,ญี่ปุ่น,วัฒนา,2,2024-03-16,10.3,True
6166,ส้มตำ1166,อีสาน,บางกะปิ,2,2022-08-19,11.2,True
6167,เจ๊1167,ก๋วยเตี๋ยว,พญาไท,3,2024-04-09,9.5,False
6168,ส้มตำ1168,อีสาน,คลองเตย,1,2022-11-17,11.2,True
6169,โซล1169,เกาหลี,สาทร,1,2023-11-02,13.2,False
6170,เบอร์เกอร์1170,ฟาสต์ฟู้ด,บางนา,1,2022-06-16,13.9,True
6171,เจ๊1171,ก๋วยเตี๋ยว,ลาดพร้าว,2,2023-07-11,8.4,True
6172,คาเฟ่1172,กาแฟ,พญาไท,2,2022-06-05,7.4,True
6173,ครัว1173,ตามสั่ง,จตุจักร,2,2024-02-03,6.5,True
6174,ชาไทย1174,ชานม และขนม,บางนา,3,2024-01-08,7.4,True
6175,ส้มตำ1175,อีสาน,สาทร,3,2022-12-14,7.9,False
6176,ครัว1176,ตามสั่ง,สวนหลวง,1,2023-08-22,7.6,True
6177,ซากุระ1177,ญี่ปุ่น,ลาดพร้าว,2,2023-06-15,7.2,True
6178,ครัว1178,ตามสั่ง,สวนหลวง,2,2024-03-31,8.6,True
6179,ชาไทย1179,ชานม และขนม,ลาดพร้าว,1,2024-02-04,18.0,True
6180,ซากุระ1180,ญี่ปุ่น,บางนา,2,2023-10-09,6.1,True
6181,ครัว1181,ตามสั่ง,ห้วยขวาง,1,2023-09-09,6.4,True
6182,ร้านพี่1182,กะเพรา,บางนา,1,2023-04-12,7.8,True
6183,ร้านพี่1183,กะเพรา,สวนหลวง,2,2023-07-07,10.0,True
6184,ชาไทย1184,ชานม และขนม,จตุจักร,2,2024-06-02,15.3,True
6185,เจดี1185,อาหารเจ,วัฒนา,2,2023-03-09,7.6,True
6186,เจ๊1186,ก๋วยเตี๋ยว,วัฒนา,2,2023-06-19,8.6,True
6187,ครัว1187,ตามสั่ง,บางกะปิ,1,2022-12-29,8.4,True
6188,ครัว1188,ตามสั่ง,บางกะปิ,3,2023-02-04,7.7,False
6189,ครัว1189,ตามสั่ง,จตุจักร,2,2023-02-25,7.8,True
6190,เบอร์เกอร์1190,ฟาสต์ฟู้ด,บางนา,2,2022-08-07,7.9,True
6191,ส้มตำ1191,อีสาน,พญาไท,2,2023-06-24,17.2,True
6192,ร้านพี่1192,กะเพรา,ลาดพร้าว,2,2022-04-08,11.4,True
6193,ชาบู1193,สุกี้ และชาบู,พญาไท,2,2022-09-25,8.6,False
6194,ส้มตำ1194,อีสาน,จตุจักร,1,2022-02-28,12.7,True
6195,ครัว1195,ตามสั่ง,ดินแดง,1,2023-07-03,17.3,True
6196,ครัว1196,ตามสั่ง,คลองเตย,1,2023-05-21,7.3,False
6197,ครัว1197,ตามสั่ง,คลองเตย,1,2022-09-18,16.2,False
6198,ครัว1198,ตามสั่ง,บางกะปิ,1,2024-01-12,8.3,True
6199,ส้มตำ1199,อีสาน,ลาดพร้าว,1,2023-01-31,6.1,True
6200,ชาไทย1200,ชานม และขนม,วัฒนา,1,2024-05-03,10.0,True
